"ID","Block","dam","sire","Strain","ID.1","Sex","Day","Trt","D0","D1","D2","D3","D4","Notes"
"AA_F385","12","A","A","AA",385,"F","D4","FLU",20.85,20,20.3,18.4,16.9,NA
"AA_F386","12","A","A","AA",386,"F","D4","MOCK",21.5,21,20.9,21.5,21.15,NA
"AA_F393","12","A","A","AA",393,"F","D4","FLU",19.3,19.05,19.4,17.35,15.7,NA
"AA_F507","25","A","A","AA",507,"F","D2","FLU",21.7,22,21.45,NA,NA,NA
"AA_F509","25","A","A","AA",509,"F","D2","MOCK",18.4,18.25,18.3,NA,NA,NA
"AA_F510","25","A","A","AA",510,"F","D2","FLU",16.7,16.6,16.7,NA,NA,NA
"AA_F516","25","A","A","AA",516,"F","D2","FLU",16.3,16.6,16.25,NA,NA,NA
"AA_M358","8","A","A","AA",358,"M","D2","FLU",21.3,21.1,21.5,NA,NA,NA
"AA_M359","8","A","A","AA",359,"M","D2","MOCK",20.45,20.3,20.3,NA,NA,NA
"AA_M361","8","A","A","AA",361,"M","D2","FLU",21.9,21.85,22.5,NA,NA,NA
"AA_M371","8","A","A","AA",371,"M","D2","FLU",24,23.2,23.2,NA,NA,NA
"AA_M486","23","A","A","AA",486,"M","D4","MOCK",24,24,24.35,24.45,23.7,NA
"AA_M494","23","A","A","AA",494,"M","D4","FLU",23.9,22.75,23.3,19.85,18,NA
"AA_M874","56","A","A","AA",874,"M","D4","MOCK",20.8,20.2,20.6,20.25,19.75,NA
"AA_M876","56","A","A","AA",876,"M","D4","FLU",22.7,22.2,22.7,20.65,18.95,NA
"AA_M877","56","A","A","AA",877,"M","D4","FLU",21.7,21.55,21.25,20.85,20.35,NA
"AA_M883","56","A","A","AA",883,"M","D4","FLU",22.65,22.25,23,22.4,21.8,NA
"AB_F132","15","A","B","AB",132,"F","D4","MOCK",21.05,20.95,21.1,21.15,21.5,NA
"AB_F138","15","A","B","AB",138,"F","D4","FLU",22.8,23.05,21.95,20.75,19.4,NA
"AB_F142","15","A","B","AB",142,"F","D4","FLU",23.35,23.65,22.4,21.3,19.75,NA
"AB_F152","15","A","B","AB",152,"F","D4","FLU",20.3,20.45,19.75,19.1,18.25,NA
"AB_F262","64","A","B","AB",262,"F","D4","FLU",18,18.5,19.05,16.7,15.3,NA
"AB_F263","64","A","B","AB",263,"F","D4","FLU",17.65,18.4,17.75,16,14.65,NA
"AB_F264","64","A","B","AB",264,"F","D4","FLU",17.55,17.6,19,16.85,15.3,NA
"AB_F267","64","A","B","AB",267,"F","D4","MOCK",18.6,19.2,20.05,19.15,19.3,NA
"AB_F81","12","A","B","AB",81,"F","D2","MOCK",19.35,18.45,18.5,NA,NA,NA
"AB_F83","12","A","B","AB",83,"F","D2","FLU",19.5,20.6,19.95,NA,NA,NA
"AB_F86","12","A","B","AB",86,"F","D2","FLU",20.6,19.3,18.8,NA,NA,NA
"AB_F91","12","A","B","AB",91,"F","D2","FLU",25.15,24.45,23.75,NA,NA,NA
"AB_M119","14","A","B","AB",119,"M","D4","FLU",27.75,27.5,27.25,25.4,23.45,NA
"AB_M121","14","A","B","AB",121,"M","D4","MOCK",27.4,27.4,27.3,27.75,27.5,NA
"AB_M136","15","A","B","AB",136,"M","D2","FLU",32.2,32.15,32.08,NA,NA,NA
"AB_M137","15","A","B","AB",137,"M","D2","FLU",31.65,32.15,32,NA,NA,NA
"AB_M150","15","A","B","AB",150,"M","D2","FLU",28.6,28.65,28.3,NA,NA,NA
"AB_M151","15","A","B","AB",151,"M","D2","MOCK",22.85,22.75,22.65,NA,NA,"unusually smallD0 weight for group"
"AB_M258","64","A","B","AB",258,"M","D2","FLU",22.8,23.25,23.15,NA,NA,NA
"AB_M259","64","A","B","AB",259,"M","D2","MOCK",24.4,24.4,24.4,NA,NA,NA
"AB_M261","64","A","B","AB",261,"M","D2","FLU",21.6,22.05,21.95,NA,NA,NA
"AB_M265","64","A","B","AB",265,"M","D2","FLU",24.7,25.05,24.8,NA,NA,NA
"AB_M92","14","A","B","AB",92,"M","D4","FLU",24.8,24.2,23.7,22.25,20.8,NA
"AB_M94","14","A","B","AB",94,"M","D4","FLU",27.6,27.3,26.7,25,22.9,NA
"AC_F101","56","A","C","AC",101,"F","D4","FLU",19.6,19,18.25,16.7,15.45,NA
"AC_F102","56","A","C","AC",102,"F","D2","MOCK",20,19.3,19.75,NA,NA,NA
"AC_F75","56","A","C","AC",75,"F","D2","FLU",20.75,20.05,19.45,NA,NA,NA
"AC_F76","56","A","C","AC",76,"F","D4","FLU",22.7,22.1,21.5,19.3,17.95,NA
"AC_F77","56","A","C","AC",77,"F","D4","MOCK",20.05,19.7,20.3,20.45,20.3,NA
"AC_F82","56","A","C","AC",82,"F","D2","FLU",22.45,21.65,20.6,NA,NA,NA
"AC_F83","56","A","C","AC",83,"F","D2","FLU",22.05,21.5,21.05,NA,NA,NA
"AC_F99","56","A","C","AC",99,"F","D4","FLU",19.1,19,18.7,16.55,15.45,NA
"AC_M11","43","A","C","AC",11,"M","D2","FLU",26.1,26.4,24.9,NA,NA,NA
"AC_M12","43","A","C","AC",12,"M","D2","FLU",26.75,27.25,25.4,NA,NA,NA
"AC_M171","84","A","C","AC",171,"M","D4","FLU",27.7,28.2,27.55,26.15,24.25,NA
"AC_M172","84","A","C","AC",172,"M","D4","FLU",30.15,30.6,29.95,28.75,26.7,NA
"AC_M173","84","A","C","AC",173,"M","D4","MOCK",28.1,28,27.65,28,27.7,NA
"AC_M177","84","A","C","AC",177,"M","D4","FLU",27.85,28.1,27.7,26.35,24,NA
"AC_M2","43","A","C","AC",2,"M","D2","MOCK",31.2,30.7,30.65,NA,NA,NA
"AC_M5","43","A","C","AC",5,"M","D2","FLU",29.15,30.35,27.75,NA,NA,NA
"AD_F22","51","A","D","AD",22,"F","D2","FLU",22.05,22.9,22.25,NA,NA,NA
"AD_F23","51","A","D","AD",23,"F","D2","FLU",19.2,20.05,19.5,NA,NA,NA
"AD_F25","51","A","D","AD",25,"F","D2","FLU",18.8,18.8,18.6,NA,NA,NA
"AD_F26","51","A","D","AD",26,"F","D2","MOCK",19.8,20.1,19.05,NA,NA,NA
"AD_F51","57","A","D","AD",51,"F","D2","MOCK",22.75,22.6,22.15,NA,NA,NA
"AD_F52","57","A","D","AD",52,"F","D2","FLU",22.9,23.05,22.2,NA,NA,NA
"AD_F53","57","A","D","AD",53,"F","D2","FLU",20.75,20.8,20.65,NA,NA,NA
"AD_F56","57","A","D","AD",56,"F","D2","FLU",18.7,18.9,18.3,NA,NA,NA
"AD_F57","57","A","D","AD",57,"F","D4","FLU",18.9,18.85,19,17.2,16.1,NA
"AD_F58","57","A","D","AD",58,"F","D4","FLU",20,20.1,20.25,18.05,17.15,NA
"AD_F78","57","A","D","AD",78,"F","D4","FLU",22.75,22.95,22.85,20.6,19.4,NA
"AD_F79","57","A","D","AD",79,"F","D4","MOCK",23.9,24.25,24.5,24.8,24.05,NA
"AD_M179","82","A","D","AD",179,"M","D2","MOCK",29.75,29.1,28.7,NA,NA,NA
"AD_M180","82","A","D","AD",180,"M","D2","FLU",31.4,31.1,30.05,NA,NA,NA
"AD_M181","82","A","D","AD",181,"M","D2","FLU",31.1,30.6,29.8,NA,NA,NA
"AD_M182","82","A","D","AD",182,"M","D2","FLU",33.25,32.6,31.75,NA,NA,NA
"AD_M41","57","A","D","AD",41,"M","D4","FLU",33,32.95,32.9,29.05,27.75,NA
"AD_M47","57","A","D","AD",47,"M","D4","FLU",28.5,28.45,28,25,23.8,NA
"AD_M48","57","A","D","AD",48,"M","D4","FLU",26.6,27.1,26.8,23.75,22.7,NA
"AD_M49","57","A","D","AD",49,"M","D4","MOCK",28,27.85,27.75,28.45,27.9,NA
"AE_F43","57","A","E","AE",43,"F","D2","FLU",30.25,30,29.9,NA,NA,NA
"AE_F45","57","A","E","AE",45,"F","D2","FLU",26.25,26.2,25.95,NA,NA,NA
"AE_F46","57","A","E","AE",46,"F","D2","FLU",24.9,24.65,24.45,NA,NA,NA
"AE_F47","57","A","E","AE",47,"F","D2","MOCK",27,26.15,25.8,NA,NA,NA
"AE_F65","59","A","E","AE",65,"F","D4","FLU",27.8,27.8,27.55,25.75,25.25,NA
"AE_F66","59","A","E","AE",66,"F","D4","MOCK",24.8,24.1,23.7,24.2,23.1,NA
"AE_F67","59","A","E","AE",67,"F","D4","FLU",26.4,26.4,26.15,24.05,22.75,NA
"AE_F68","59","A","E","AE",68,"F","D4","FLU",25.1,25.05,24.75,22.4,21.2,NA
"AE_F86","64","A","E","AE",86,"F","D4","FLU",24.45,23.75,24.3,23.6,23.8,NA
"AE_F87","64","A","E","AE",87,"F","D4","FLU",24.85,24.5,24.9,23.15,23.15,NA
"AE_F88","64","A","E","AE",88,"F","D4","FLU",24.8,25.3,25.7,24.15,23.05,NA
"AE_F89","64","A","E","AE",89,"F","D4","MOCK",24.5,24.85,24.6,24.95,25.8,NA
"AE_M132","91","A","E","AE",132,"M","D4","MOCK",46.45,45.6,45.3,45.25,44.75,NA
"AE_M133","91","A","E","AE",133,"M","D4","FLU",48.35,47.75,47.15,45.45,44.15,NA
"AE_M134","91","A","E","AE",134,"M","D4","FLU",48.55,47.85,46.85,45.05,42.4,NA
"AE_M135","91","A","E","AE",135,"M","D4","FLU",45.7,45.4,44.55,43,40.6,NA
"AE_M82","64","A","E","AE",82,"M","D2","FLU",26.25,26.7,26.05,NA,NA,NA
"AE_M83","64","A","E","AE",83,"M","D2","FLU",35.1,35.8,35.25,NA,NA,NA
"AE_M84","64","A","E","AE",84,"M","D2","FLU",33.9,34,34.2,NA,NA,NA
"AE_M85","64","A","E","AE",85,"M","D2","MOCK",31.1,30.9,30.45,NA,NA,NA
"AF_F15","69","A","F","AF",15,"F","D2","FLU",17.45,17.4,16.85,NA,NA,NA
"AF_F16","69","A","F","AF",16,"F","D2","FLU",19.6,19.15,18.8,NA,NA,NA
"AF_F17","69","A","F","AF",17,"F","D2","FLU",18.9,18.6,18.1,NA,NA,NA
"AF_F18","69","A","F","AF",18,"F","D2","MOCK",18.6,18.5,18,NA,NA,NA
"AF_F75","91","A","F","AF",75,"F","D4","FLU",17.4,16.8,16.45,16.1,14.95,NA
"AF_F76","91","A","F","AF",76,"F","D4","FLU",18,17.25,17.2,16.5,16.1,NA
"AF_F77","91","A","F","AF",77,"F","D4","FLU",16.2,16.5,15.35,14.4,13.3,NA
"AF_F78","91","A","F","AF",78,"F","D4","MOCK",18.8,18.15,18.05,18.1,17.65,NA
"AF_M55","90","A","F","AF",55,"M","D2","FLU",25,25.2,25.15,NA,NA,NA
"AF_M56","90","A","F","AF",56,"M","D2","FLU",24.5,24.45,24.3,NA,NA,NA
"AF_M57","90","A","F","AF",57,"M","D2","MOCK",25.6,25.5,25.6,NA,NA,NA
"AF_M58","90","A","F","AF",58,"M","D2","FLU",23.25,23.1,23.4,NA,NA,NA
"AF_M80","91","A","F","AF",80,"M","D4","FLU",27.8,26.45,26.05,26.4,26.4,NA
"AF_M81","91","A","F","AF",81,"M","D4","FLU",23.65,23.5,22.9,22.25,22.35,NA
"AF_M82","91","A","F","AF",82,"M","D4","FLU",31.2,29.8,29.05,28.6,28.5,NA
"AF_M83","91","A","F","AF",83,"M","D4","MOCK",30.45,31.2,29.85,29.7,29.1,NA
"AG_F101","69","A","G","AG",101,"F","D4","FLU",16.9,16.2,17.1,15.8,15.9,NA
"AG_F76","64","A","G","AG",76,"F","D2","FLU",15.6,15,15.3,NA,NA,NA
"AG_F77","64","A","G","AG",77,"F","D2","FLU",16.4,15.5,16,NA,NA,NA
"AG_F79","64","A","G","AG",79,"F","D2","MOCK",15.35,15.4,15.25,NA,NA,NA
"AG_F82","64","A","G","AG",82,"F","D2","FLU",20.4,19.5,18.95,NA,NA,NA
"AG_F97","69","A","G","AG",97,"F","D4","MOCK",18.25,16.9,16.55,16.95,17,NA
"AG_F98","69","A","G","AG",98,"F","D4","FLU",16.85,16.05,16.05,15.8,16.5,NA
"AG_F99","69","A","G","AG",99,"F","D4","FLU",17.8,16.85,17.9,17.25,17.35,NA
"AG_M103","69","A","G","AG",103,"M","D2","FLU",22.35,21.35,20,NA,NA,NA
"AG_M104","69","A","G","AG",104,"M","D2","FLU",22.15,21.9,21.25,NA,NA,NA
"AG_M203","91","A","G","AG",203,"M","D4","FLU",23.55,22.65,22.8,23,22.1,NA
"AG_M204","91","A","G","AG",204,"M","D4","MOCK",23.35,24.3,24,24.1,23.5,NA
"AG_M205","91","A","G","AG",205,"M","D4","FLU",23.8,23,23.05,22.9,22.2,NA
"AG_M206","91","A","G","AG",206,"M","D4","FLU",24.45,23.25,23.15,23.15,22.6,NA
"AG_M95","69","A","G","AG",95,"M","D2","MOCK",23.4,23.05,22,NA,NA,NA
"AG_M96","69","A","G","AG",96,"M","D2","FLU",21.3,20.4,20.65,NA,NA,NA
"AH_F16","32","A","H","AH",16,"F","D4","FLU",16.25,15.75,16.05,14.3,13.2,NA
"AH_F27","32","A","H","AH",27,"F","D4","MOCK",17.2,17.3,17.1,17.85,17.65,NA
"AH_F53","32","A","H","AH",53,"F","D2","FLU",16.9,17.05,16.15,NA,NA,NA
"AH_F55","32","A","H","AH",55,"F","D4","FLU",16.75,16.45,16.4,14.85,13.55,NA
"AH_F64","32","A","H","AH",64,"F","D4","FLU",17.5,16.8,16.25,14.35,13.5,NA
"AH_F66","32","A","H","AH",66,"F","D2","MOCK",15.85,16,15.8,NA,NA,NA
"AH_F69","32","A","H","AH",69,"F","D2","FLU",17.1,16.85,16.9,NA,NA,NA
"AH_F8","32","A","H","AH",8,"F","D2","FLU",14.8,14.5,14.5,NA,NA,NA
"AH_M12","32","A","H","AH",12,"M","D4","MOCK",18.55,18.6,18.4,18.7,18.45,NA
"AH_M2","32","A","H","AH",2,"M","D4","FLU",22.45,22.25,21.9,19.65,18.05,NA
"AH_M21","32","A","H","AH",21,"M","D2","FLU",20.45,20.8,20.4,NA,NA,NA
"AH_M25","32","A","H","AH",25,"M","D4","FLU",22.8,23.15,22.8,20.5,18.8,NA
"AH_M3","32","A","H","AH",3,"M","D4","FLU",19,19.2,18.8,16.65,15.5,NA
"AH_M4","32","A","H","AH",4,"M","D2","FLU",19.9,20.2,19.8,NA,NA,NA
"AH_M50","32","A","H","AH",50,"M","D2","MOCK",23.1,23.4,22.55,NA,NA,NA
"AH_M7","32","A","H","AH",7,"M","D2","FLU",21.05,21.05,20.7,NA,NA,NA
"BA_F120","8","B","A","BA",120,"F","D2","FLU",20.9,20.95,21.15,NA,NA,NA
"BA_F13","5","B","A","BA",13,"F","D4","FLU",18.59,19.3,19.25,18.4,17.3,NA
"BA_F145","8","B","A","BA",145,"F","D2","MOCK",22.05,21.8,22.15,NA,NA,NA
"BA_F19","5","B","A","BA",19,"F","D4","FLU",20.07,19.8,19.7,17.55,16.35,NA
"BA_F21","5","B","A","BA",21,"F","D4","FLU",20.65,21.1,20.1,18,17.1,NA
"BA_F8","5","B","A","BA",8,"F","D4","MOCK",17.56,17.65,17,17.5,18.05,NA
"BA_F94","8","B","A","BA",94,"F","D2","FLU",18.9,19.25,19.8,NA,NA,NA
"BA_F97","8","B","A","BA",97,"F","D2","FLU",19.9,20,20.3,NA,NA,NA
"BA_M102","8","B","A","BA",102,"M","D2","FLU",30.55,30.05,29.35,NA,NA,NA
"BA_M103","8","B","A","BA",103,"M","D2","FLU",26.15,26.35,26.3,NA,NA,NA
"BA_M109","8","B","A","BA",109,"M","D2","MOCK",29.75,29.2,29.1,NA,NA,NA
"BA_M16","5","B","A","BA",16,"M","D2","FLU",29.85,29.8,29.9,NA,NA,NA
"BA_M26","5","B","A","BA",26,"M","D2","FLU",27.2,27.2,26.75,NA,NA,NA
"BA_M269","21","B","A","BA",269,"M","D4","MOCK",25.8,25.7,25.75,26.05,25.9,NA
"BA_M278","21","B","A","BA",278,"M","D4","FLU",25.2,24.75,23.85,21.6,20.05,NA
"BA_M281","21","B","A","BA",281,"M","D4","FLU",28.25,27.9,27.4,24,22.5,NA
"BA_M282","21","B","A","BA",282,"M","D4","FLU",25.95,26.1,24.85,22.35,20.9,NA
"BA_M35","5","B","A","BA",35,"M","D2","FLU",28.3,29.15,29,NA,NA,NA
"BA_M38","5","B","A","BA",38,"M","D2","MOCK",27.76,27.9,27.4,NA,NA,NA
"BA_M92","8","B","A","BA",92,"M","D2","FLU",27.35,27.05,26.7,NA,NA,NA
"BB_F528","1","B","B","BB",528,"F","D4","FLU",19.25,19.35,19,16.65,15.7,NA
"BB_F529","1","B","B","BB",529,"F","D4","FLU",20.1,19.9,19.8,16.8,16.1,NA
"BB_F551","1","B","B","BB",551,"F","D4","MOCK",18.55,18.5,18.9,18.75,18.1,NA
"BB_F567","1","B","B","BB",567,"F","D4","FLU",21.15,20.2,20.3,19.8,20.2,NA
"BB_F848","7","B","B","BB",848,"F","D2","FLU",21,21.6,21.6,NA,NA,NA
"BB_F856","7","B","B","BB",856,"F","D2","FLU",19.3,19.85,19.55,NA,NA,NA
"BB_F862","7","B","B","BB",862,"F","D2","MOCK",20.7,20.9,21.3,NA,NA,NA
"BB_M507","1","B","B","BB",507,"M","D2","MOCK",27.03,26.6,26.45,NA,NA,NA
"BB_M518","1","B","B","BB",518,"M","D2","FLU",25.42,24.95,24.9,NA,NA,NA
"BB_M521","1","B","B","BB",521,"M","D4","MOCK",26.93,26.95,26.6,26.5,26.1,NA
"BB_M522","1","B","B","BB",522,"M","D4","FLU",27.61,27.75,27.3,25.25,24.75,NA
"BB_M526","1","B","B","BB",526,"M","D2","FLU",25.26,24.9,24.55,NA,NA,NA
"BB_M533","1","B","B","BB",533,"M","D4","FLU",25.55,25.5,25.35,25.6,25.25,NA
"BB_M548","1","B","B","BB",548,"M","D4","FLU",24.42,24.25,24.25,22.25,21.55,NA
"BB_M552","1","B","B","BB",552,"M","D2","FLU",24.66,24.5,24.55,NA,NA,NA
"BC_F102","19","B","C","BC",102,"F","D2","FLU",21.35,21.15,21.5,NA,NA,NA
"BC_F103","19","B","C","BC",103,"F","D2","FLU",18.1,17.8,17.7,NA,NA,NA
"BC_F124","19","B","C","BC",124,"F","D2","FLU",20.45,20.55,20.15,NA,NA,NA
"BC_F126","19","B","C","BC",126,"F","D2","MOCK",18.55,18.5,18.65,NA,NA,NA
"BC_F17","14","B","C","BC",17,"F","D4","FLU",16.6,17,17.3,16.25,14.4,NA
"BC_F22","14","B","C","BC",22,"F","D4","MOCK",21.4,21.05,20.9,20.5,20.65,NA
"BC_F28","14","B","C","BC",28,"F","D4","FLU",21.3,20.1,20.1,18.3,16.95,NA
"BC_F3","14","B","C","BC",3,"F","D4","FLU",23.25,22.6,22.9,21.4,19.45,NA
"BC_M12","14","B","C","BC",12,"M","D2","FLU",28.6,28.45,28.25,NA,NA,NA
"BC_M13","14","B","C","BC",13,"M","D4","MOCK",29.1,29.15,29.25,30.05,29.1,NA
"BC_M19","14","B","C","BC",19,"M","D2","FLU",29.8,29.75,29.2,NA,NA,NA
"BC_M2","14","B","C","BC",2,"M","D4","FLU",30.3,31.1,30.5,29,26.95,NA
"BC_M21","14","B","C","BC",21,"M","D4","FLU",30.2,30.7,30.5,30,29.15,NA
"BC_M38","15","B","C","BC",38,"M","D2","FLU",28.15,28.45,27.95,NA,NA,NA
"BC_M42","15","B","C","BC",42,"M","D2","FLU",25.65,25.9,25.75,NA,NA,NA
"BC_M5","14","B","C","BC",5,"M","D2","FLU",31,30.3,29.4,NA,NA,NA
"BC_M51","15","B","C","BC",51,"M","D2","MOCK",27.1,26.75,26.7,NA,NA,NA
"BC_M64","15","B","C","BC",64,"M","D2","FLU",27.45,27.7,27.57,NA,NA,NA
"BC_M7","14","B","C","BC",7,"M","D4","FLU",30.6,31.2,30.35,29,26.6,NA
"BC_M8","14","B","C","BC",8,"M","D2","MOCK",28.3,28.1,28.1,NA,NA,NA
"BD_F169","21","B","D","BD",169,"F","D4","FLU",20.2,20.3,21.5,19.95,20.9,NA
"BD_F170","21","B","D","BD",170,"F","D4","FLU",21.1,20.85,19.05,17.15,15.9,NA
"BD_F171","21","B","D","BD",171,"F","D4","MOCK",20.1,19.75,20.3,20.4,21,NA
"BD_F172","21","B","D","BD",172,"F","D4","FLU",22.25,22.5,21.35,18.6,17.45,NA
"BD_F178","23","B","D","BD",178,"F","D2","FLU",22.65,21.85,21.55,NA,NA,NA
"BD_F179","23","B","D","BD",179,"F","D2","FLU",21.4,21.7,20.85,NA,NA,NA
"BD_F180","23","B","D","BD",180,"F","D2","FLU",20.4,20.6,20.6,NA,NA,NA
"BD_F181","23","B","D","BD",181,"F","D2","MOCK",21.35,21.55,22.2,NA,NA,NA
"BD_M12","15","B","D","BD",12,"M","D4","FLU",27.8,27.75,27.7,27.48,28.09,NA
"BD_M31","15","B","D","BD",31,"M","D2","FLU",29.95,30.3,30.5,NA,NA,NA
"BD_M40","15","B","D","BD",40,"M","D4","MOCK",27.65,28,27.55,27.36,28.21,NA
"BD_M41","15","B","D","BD",41,"M","D4","FLU",28.1,28,27.2,26.19,25.35,NA
"BD_M47","15","B","D","BD",47,"M","D2","MOCK",26.2,26.25,26.55,NA,NA,NA
"BD_M48","15","B","D","BD",48,"M","D2","FLU",31.3,32,32.15,NA,NA,NA
"BD_M56","15","B","D","BD",56,"M","D4","FLU",27.7,27.6,26.05,24.8,23.6,NA
"BD_M72","15","B","D","BD",72,"M","D2","FLU",32.15,31.75,31.85,NA,NA,NA
"BE_F11","43","B","E","BE",11,"F","D4","FLU",27.6,27.7,27.4,26.05,24.95,NA
"BE_F14","43","B","E","BE",14,"F","D4","FLU",23.7,23.75,25,23.5,22.55,NA
"BE_F17","43","B","E","BE",17,"F","D4","MOCK",24.2,24.5,23.7,23.8,24.9,NA
"BE_F20","43","B","E","BE",20,"F","D4","FLU",25.75,25.6,25.65,24.6,24.9,NA
"BE_F54","59","B","E","BE",54,"F","D2","FLU",24.05,24.3,24.25,NA,NA,NA
"BE_F55","59","B","E","BE",55,"F","D2","FLU",23,22.7,22.95,NA,NA,NA
"BE_F56","59","B","E","BE",56,"F","D2","FLU",24,24.1,23.3,NA,NA,NA
"BE_F57","59","B","E","BE",57,"F","D2","MOCK",24,24.4,23.6,NA,NA,NA
"BE_M77","64","B","E","BE",77,"M","D4","FLU",32.6,32.8,32.35,31.4,30.4,NA
"BE_M78","64","B","E","BE",78,"M","D2","FLU",31.6,31.25,31.15,NA,NA,NA
"BE_M80","64","B","E","BE",80,"M","D2","FLU",29.9,30,29.8,NA,NA,NA
"BE_M81","64","B","E","BE",81,"M","D2","FLU",30,30.05,29.6,NA,NA,NA
"BE_M82","64","B","E","BE",82,"M","D4","FLU",30.9,31.2,31.4,30.75,30.85,NA
"BE_M89","64","B","E","BE",89,"M","D4","MOCK",27.75,27.35,28.15,28,27.85,NA
"BE_M90","64","B","E","BE",90,"M","D2","MOCK",28.2,29.1,29.05,NA,NA,NA
"BE_M91","64","B","E","BE",91,"M","D4","FLU",29.25,30.25,30.2,29.9,29.9,NA
"BF_F20","33","B","F","BF",20,"F","D2","FLU",17.25,17.5,15.8,NA,NA,NA
"BF_F21","33","B","F","BF",21,"F","D2","FLU",18.05,18.5,17.45,NA,NA,NA
"BF_F24","33","B","F","BF",24,"F","D2","MOCK",18.1,18.5,18.05,NA,NA,NA
"BF_F34","33","B","F","BF",34,"F","D2","FLU",17,17.75,16.8,NA,NA,NA
"BF_F41","34","B","F","BF",41,"F","D4","FLU",19.55,20.1,20.15,19.8,19.15,NA
"BF_F42","34","B","F","BF",42,"F","D4","MOCK",18.9,19.75,19.6,19.05,19.3,NA
"BF_F43","34","B","F","BF",43,"F","D4","FLU",19.75,19.85,19.9,19.75,19.45,NA
"BF_F44","34","B","F","BF",44,"F","D4","FLU",21.15,21.3,21.3,21.45,21.25,NA
"BF_M19","33","B","F","BF",19,"M","D4","FLU",22.05,23.5,23.6,23.8,23.3,NA
"BF_M27","33","B","F","BF",27,"M","D4","MOCK",23.1,22.7,22.7,22.7,22.05,NA
"BF_M30","33","B","F","BF",30,"M","D4","FLU",24.45,24.4,23.6,23.45,22.6,NA
"BF_M31","33","B","F","BF",31,"M","D4","FLU",26.6,27,24.45,22.5,20.8,NA
"BF_M45","36","B","F","BF",45,"M","D2","FLU",22.1,22.05,21.9,NA,NA,NA
"BF_M46","36","B","F","BF",46,"M","D2","MOCK",22.8,22.65,22.35,NA,NA,NA
"BF_M47","36","B","F","BF",47,"M","D2","FLU",21.6,21.5,21.7,NA,NA,NA
"BF_M48","36","B","F","BF",48,"M","D2","FLU",25.35,26.05,25.25,NA,NA,NA
"BG_F100","32","B","G","BG",100,"F","D2","MOCK",14.75,15.2,15.45,NA,NA,NA
"BG_F107","32","B","G","BG",107,"F","D2","FLU",15.15,15.9,15.6,NA,NA,NA
"BG_F116","32","B","G","BG",116,"F","D2","FLU",15.75,15.9,15.35,NA,NA,NA
"BG_F131","32","B","G","BG",131,"F","D2","FLU",15.05,15.85,15.4,NA,NA,NA
"BG_F74","30","B","G","BG",74,"F","D4","FLU",14.35,14.1,14.25,14.35,14.94,NA
"BG_F75","30","B","G","BG",75,"F","D4","MOCK",14.95,15.25,15.8,15.4,15.43,NA
"BG_F82","30","B","G","BG",82,"F","D4","FLU",17.3,17.15,16.55,15.95,16.54,NA
"BG_F83","30","B","G","BG",83,"F","D4","FLU",17.8,17.3,17.3,16.8,16.32,NA
"BG_M39","25","B","G","BG",39,"M","D4","MOCK",19.05,19.4,19.45,20.2,19.85,NA
"BG_M40","25","B","G","BG",40,"M","D4","FLU",22.55,22.75,22,21.15,20.7,NA
"BG_M49","25","B","G","BG",49,"M","D4","FLU",21.55,21.5,21.5,20.4,19.7,NA
"BG_M51","25","B","G","BG",51,"M","D4","FLU",20.6,21.6,21.85,21.75,20.4,NA
"BG_M56","27","B","G","BG",56,"M","D2","MOCK",20.4,20.25,20.7,NA,NA,NA
"BG_M57","27","B","G","BG",57,"M","D2","FLU",21.15,21.05,20.75,NA,NA,NA
"BG_M59","27","B","G","BG",59,"M","D2","FLU",19.6,20.1,19.35,NA,NA,NA
"BG_M60","27","B","G","BG",60,"M","D2","FLU",19.75,19.65,19.15,NA,NA,NA
"BH_F10","40","B","H","BH",10,"F","D2","FLU",17.35,17.1,15.95,NA,NA,NA
"BH_F11","40","B","H","BH",11,"F","D4","MOCK",16.1,16.55,17.2,16.65,16.1,NA
"BH_F12","40","B","H","BH",12,"F","D4","FLU",16.9,16.9,16.9,16.45,16,NA
"BH_F14","40","B","H","BH",14,"F","D2","FLU",17.1,17,15.9,NA,NA,NA
"BH_F2","40","B","H","BH",2,"F","D2","MOCK",17,16.75,16.65,NA,NA,NA
"BH_F21","40","B","H","BH",21,"F","D4","FLU",15.3,15.35,15.75,14,12.95,NA
"BH_F3","40","B","H","BH",3,"F","D2","FLU",19.9,19.5,18.45,NA,NA,NA
"BH_F8","40","B","H","BH",8,"F","D4","FLU",17.45,17,16.6,14.8,13.65,NA
"BH_M100","51","B","H","BH",100,"M","D2","FLU",22,21.8,22.3,NA,NA,NA
"BH_M107","51","B","H","BH",107,"M","D2","FLU",23.8,23.7,21.5,NA,NA,NA
"BH_M220","56","B","H","BH",220,"M","D4","FLU",22,21.55,21.65,19.4,18,NA
"BH_M222","56","B","H","BH",222,"M","D2","FLU",22.3,21.95,21.75,NA,NA,NA
"BH_M224","56","B","H","BH",224,"M","D4","MOCK",19.65,19.8,20.2,20.05,19.35,NA
"BH_M228","56","B","H","BH",228,"M","D2","MOCK",19.6,19.85,20.05,NA,NA,NA
"BH_M231","56","B","H","BH",231,"M","D2","FLU",20.1,19.4,19.85,NA,NA,NA
"BH_M232","56","B","H","BH",232,"M","D4","FLU",19.8,19.6,19.2,16.8,16.45,NA
"BH_M233","56","B","H","BH",233,"M","D4","FLU",20,19.55,19.75,17.7,16.85,NA
"BH_M235","56","B","H","BH",235,"M","D2","FLU",18.85,18.1,18.5,NA,NA,NA
"BH_M94","51","B","H","BH",94,"M","D2","FLU",24.4,24.05,23.5,NA,NA,NA
"BH_M95","51","B","H","BH",95,"M","D2","MOCK",23.95,24.05,23.6,NA,NA,NA
"CA_F13","14","C","A","CA",13,"F","D2","MOCK",23.4,23.1,23.3,NA,NA,NA
"CA_F15","14","C","A","CA",15,"F","D2","FLU",23.3,23.2,23,NA,NA,NA
"CA_F20","14","C","A","CA",20,"F","D2","FLU",22.7,21.85,22.15,NA,NA,NA
"CA_F32","14","C","A","CA",32,"F","D2","FLU",24.8,24.6,24.7,NA,NA,NA
"CA_F75","21","C","A","CA",75,"F","D4","FLU",23.1,22.5,22.1,20.1,18.85,NA
"CA_F76","21","C","A","CA",76,"F","D4","FLU",22,21.1,21.3,18.9,17.7,NA
"CA_F77","21","C","A","CA",77,"F","D4","FLU",25.7,25.15,24.6,22,20.6,NA
"CA_F78","21","C","A","CA",78,"F","D4","MOCK",24.8,24.95,25.1,24.6,24.45,NA
"CA_M18","14","C","A","CA",18,"M","D4","FLU",29.8,29.35,29.2,27.3,25.55,NA
"CA_M23","14","C","A","CA",23,"M","D4","MOCK",30.2,30.1,29.7,30.3,30.5,NA
"CA_M30","14","C","A","CA",30,"M","D4","FLU",29.2,28.75,28.6,26.35,25.1,NA
"CA_M40","15","C","A","CA",40,"M","D2","MOCK",26.45,26.5,26.45,NA,NA,NA
"CA_M41","15","C","A","CA",41,"M","D2","FLU",27.05,27,26.8,NA,NA,NA
"CA_M42","15","C","A","CA",42,"M","D2","FLU",25.95,26.55,26.05,NA,NA,NA
"CA_M43","15","C","A","CA",43,"M","D2","FLU",24.35,25.35,25,NA,NA,NA
"CA_M9","14","C","A","CA",9,"M","D4","FLU",28.5,28.65,27.9,25.25,24.1,NA
"CB_F133","20","C","B","CB",133,"F","D4","FLU",24.4,24.2,24.5,21.8,20.3,NA
"CB_F137","20","C","B","CB",137,"F","D4","FLU",24,24.55,23.7,21,19.65,NA
"CB_F139","20","C","B","CB",139,"F","D4","FLU",23.7,23.7,22.5,20.4,18.65,NA
"CB_F141","20","C","B","CB",141,"F","D4","MOCK",22.55,23,23.6,23.05,22.85,NA
"CB_F4","11","C","B","CB",4,"F","D2","FLU",22.55,21.9,21.7,NA,NA,NA
"CB_F7","11","C","B","CB",7,"F","D2","FLU",21,21.3,21,NA,NA,NA
"CB_F8","11","C","B","CB",8,"F","D2","FLU",22.7,22.3,22.65,NA,NA,NA
"CB_F9","11","C","B","CB",9,"F","D2","MOCK",21.25,21.05,21.15,NA,NA,NA
"CB_M1","11","C","B","CB",1,"M","D4","FLU",28.6,28.8,28.7,26.8,24.9,NA
"CB_M116","19","C","B","CB",116,"M","D2","FLU",32.95,33.1,32.9,NA,NA,NA
"CB_M120","19","C","B","CB",120,"M","D2","MOCK",34.7,34.7,32.35,NA,NA,NA
"CB_M124","19","C","B","CB",124,"M","D2","FLU",30.5,30,30.3,NA,NA,NA
"CB_M125","19","C","B","CB",125,"M","D2","FLU",26.75,27.7,26.75,NA,NA,NA
"CB_M2","11","C","B","CB",2,"M","D4","MOCK",33.05,32.7,32.9,31.6,31.85,NA
"CB_M3","11","C","B","CB",3,"M","D4","FLU",34.15,33.3,33.15,29.45,27.45,NA
"CB_M5","11","C","B","CB",5,"M","D4","FLU",29.45,28.75,28.6,26.25,24.5,NA
"CC_F610","2","C","C","CC",610,"F","D2","FLU",21.61,22,21.6,NA,NA,NA
"CC_F615","2","C","C","CC",615,"F","D4","MOCK",24.33,23.4,22.6,21.89,22.01,NA
"CC_F622","2","C","C","CC",622,"F","D2","FLU",21.15,22.05,21.6,NA,NA,NA
"CC_F628","2","C","C","CC",628,"F","D4","FLU",21.2,21.2,20.65,19.2,17.9,NA
"CC_F634","2","C","C","CC",634,"F","D4","FLU",18.36,18.3,18.25,16.8,15.85,NA
"CC_F635","2","C","C","CC",635,"F","D2","MOCK",19.29,18.8,18.6,NA,NA,NA
"CC_F660","2","C","C","CC",660,"F","D2","FLU",19.3,19.7,19,NA,NA,NA
"CC_F661","2","C","C","CC",661,"F","D4","FLU",21.14,21.1,20.7,19.6,18.4,NA
"CC_M611","2","C","C","CC",611,"M","D2","FLU",26.56,26.1,25.85,NA,NA,NA
"CC_M613","2","C","C","CC",613,"M","D4","FLU",26.38,26.85,27.45,26.35,24.15,NA
"CC_M618","2","C","C","CC",618,"M","D4","FLU",25.88,26.1,26.6,24.7,22.8,NA
"CC_M619","2","C","C","CC",619,"M","D2","MOCK",30.2,29.3,28.8,NA,NA,NA
"CC_M625","2","C","C","CC",625,"M","D2","FLU",28.49,28.35,27.75,NA,NA,NA
"CC_M626","2","C","C","CC",626,"M","D4","FLU",26.33,26.9,27.4,25.35,23.75,NA
"CC_M631","2","C","C","CC",631,"M","D4","MOCK",24.95,25.1,25.3,25.17,25.35,NA
"CD_F14","5","C","D","CD",14,"F","D2","MOCK",20.93,21.5,21.3,NA,NA,NA
"CD_F15","5","C","D","CD",15,"F","D4","FLU",20.17,20.7,21.2,19.3,17.9,NA
"CD_F20","5","C","D","CD",20,"F","D2","FLU",21.55,21.75,21.95,NA,NA,NA
"CD_F21","5","C","D","CD",21,"F","D4","MOCK",21.84,22.4,22.8,22.5,21.95,NA
"CD_F29","5","C","D","CD",29,"F","D4","FLU",22.44,22.35,22.3,20.95,20.2,NA
"CD_F31","5","C","D","CD",31,"F","D2","FLU",20.9,20.85,20.15,NA,NA,NA
"CD_F4","5","C","D","CD",4,"F","D4","FLU",22.08,21.4,21.75,20.4,19.4,NA
"CD_F6","5","C","D","CD",6,"F","D2","FLU",21.8,21.1,20.75,NA,NA,NA
"CD_M10","5","C","D","CD",10,"M","D2","FLU",24.65,24.8,24.4,NA,NA,NA
"CD_M11","5","C","D","CD",11,"M","D2","FLU",25.85,25.7,26.2,NA,NA,NA
"CD_M19","5","C","D","CD",19,"M","D2","MOCK",30.36,30.65,30.6,NA,NA,NA
"CD_M24","5","C","D","CD",24,"M","D2","FLU",26.4,26.4,26.6,NA,NA,NA
"CD_M38","6","C","D","CD",38,"M","D4","FLU",28.25,28.05,28.75,26.5,24.55,NA
"CD_M39","6","C","D","CD",39,"M","D4","FLU",28.85,28.9,29,26.5,24.7,NA
"CD_M40","6","C","D","CD",40,"M","D4","MOCK",27.6,27.75,27.8,27.9,28.25,NA
"CD_M45","6","C","D","CD",45,"M","D4","FLU",29.15,29.8,29.8,28.65,26.45,NA
"CE_F209","82","C","E","CE",209,"F","D2","FLU",30.8,30.1,28.9,NA,NA,NA
"CE_F210","82","C","E","CE",210,"F","D2","FLU",29.45,29.45,28.2,NA,NA,NA
"CE_F211","82","C","E","CE",211,"F","D2","FLU",30.4,30.85,30.3,NA,NA,NA
"CE_F217","82","C","E","CE",217,"F","D2","MOCK",33.25,32.7,32.25,NA,NA,NA
"CE_F34","34","C","E","CE",34,"F","D4","MOCK",27,26.75,25.85,25.25,25.8,NA
"CE_F35","34","C","E","CE",35,"F","D4","FLU",27.3,27.2,26.3,25.45,24.4,NA
"CE_F36","34","C","E","CE",36,"F","D4","FLU",26.6,26.7,25.45,24.25,23.45,NA
"CE_F37","34","C","E","CE",37,"F","D4","FLU",25.7,26.4,25.25,23.85,22.05,NA
"CE_F47","38","C","E","CE",47,"F","D4","FLU",25.8,26.1,26.7,25.2,23.6,NA
"CE_F48","38","C","E","CE",48,"F","D4","FLU",30.45,30.25,31,29.65,29.9,NA
"CE_F50","38","C","E","CE",50,"F","D4","MOCK",28.4,28.1,29,27.4,27.75,NA
"CE_F51","38","C","E","CE",51,"F","D4","FLU",27.7,27.9,28.35,26.4,25.1,NA
"CE_M10","32","C","E","CE",10,"M","D2","MOCK",35.05,35.7,35.05,NA,NA,NA
"CE_M100","57","C","E","CE",100,"M","D2","FLU",34.85,34.25,33.7,NA,NA,NA
"CE_M101","57","C","E","CE",101,"M","D2","MOCK",31.3,31,31.15,NA,NA,NA
"CE_M11","32","C","E","CE",11,"M","D2","FLU",36.2,35.9,35.65,NA,NA,NA
"CE_M18","32","C","E","CE",18,"M","D2","FLU",40.1,39.65,39.35,NA,NA,NA
"CE_M19","32","C","E","CE",19,"M","D2","FLU",39.25,39.05,38.7,NA,NA,NA
"CE_M21","33","C","E","CE",21,"M","D4","MOCK",32.05,32.6,32.4,32.5,31.95,NA
"CE_M22","33","C","E","CE",22,"M","D4","FLU",30.4,30.15,30.15,30.05,29,NA
"CE_M24","33","C","E","CE",24,"M","D4","FLU",33.65,33.35,33.1,32.85,31.3,NA
"CE_M25","33","C","E","CE",25,"M","D4","FLU",33.05,32.6,32.8,32.55,31.3,NA
"CE_M98","57","C","E","CE",98,"M","D2","FLU",33.25,33.35,32.25,NA,NA,NA
"CE_M99","57","C","E","CE",99,"M","D2","FLU",33.25,32.6,31.9,NA,NA,NA
"CF_F102","69","C","F","CF",102,"F","D4","FLU",19.8,19.45,19.6,19.4,19.3,NA
"CF_F103","69","C","F","CF",103,"F","D4","MOCK",19.3,18.6,19.15,19.3,18.85,NA
"CF_F104","69","C","F","CF",104,"F","D4","FLU",19.25,19.2,18.8,19,19.45,NA
"CF_F105","69","C","F","CF",105,"F","D4","FLU",19.5,19.2,18.2,16.95,15.55,NA
"CF_F26","31","C","F","CF",26,"F","D2","MOCK",19.9,19.34,19.05,NA,NA,NA
"CF_F28","31","C","F","CF",28,"F","D2","FLU",16.35,15.74,14.35,NA,NA,NA
"CF_F29","31","C","F","CF",29,"F","D2","FLU",19.2,18.94,19.1,NA,NA,NA
"CF_F30","31","C","F","CF",30,"F","D2","FLU",19.7,20,19.8,NA,NA,NA
"CF_M40","34","C","F","CF",40,"M","D4","MOCK",28.15,28.15,28.35,27.8,27.4,NA
"CF_M41","34","C","F","CF",41,"M","D4","FLU",25.5,26.05,26.4,24.25,22.6,NA
"CF_M42","34","C","F","CF",42,"M","D4","FLU",29.25,28.95,29.05,28.9,28.45,NA
"CF_M43","34","C","F","CF",43,"M","D4","FLU",27.4,28,28.4,28.6,28.85,NA
"CF_M49","38","C","F","CF",49,"M","D2","MOCK",25.5,25.25,25.4,NA,NA,NA
"CF_M50","38","C","F","CF",50,"M","D2","FLU",25,25.1,24.45,NA,NA,NA
"CF_M51","38","C","F","CF",51,"M","D2","FLU",24.85,24.3,24.55,NA,NA,NA
"CF_M52","38","C","F","CF",52,"M","D2","FLU",23.4,22.95,23.75,NA,NA,NA
"CG_F111","37","C","G","CG",111,"F","D2","FLU",16.05,16.05,15.85,NA,NA,NA
"CG_F123","37","C","G","CG",123,"F","D2","MOCK",16.6,16.15,16.5,NA,NA,NA
"CG_F124","37","C","G","CG",124,"F","D2","FLU",15.45,15,14.75,NA,NA,NA
"CG_F84","34","C","G","CG",84,"F","D4","FLU",19.1,19.05,18.7,19.25,19.85,NA
"CG_F91","34","C","G","CG",91,"F","D4","MOCK",18.45,18.4,18.9,19.5,20.5,NA
"CG_F92","34","C","G","CG",92,"F","D4","FLU",19.7,19.1,19.9,19.75,20.2,NA
"CG_F99","34","C","G","CG",99,"F","D4","FLU",17.15,17.25,17.25,17.45,17.25,NA
"CG_M62","33","C","G","CG",62,"M","D4","FLU",24.5,23.35,23.05,22.55,22.75,NA
"CG_M65","33","C","G","CG",65,"M","D4","FLU",23.55,22.6,22.85,22.35,22.9,NA
"CG_M72","33","C","G","CG",72,"M","D4","FLU",20.8,20.45,19.85,19.1,19.35,NA
"CG_M73","33","C","G","CG",73,"M","D4","MOCK",18.3,17.7,17.4,17.85,18.3,NA
"CG_M82","34","C","G","CG",82,"M","D2","FLU",25.3,24.8,23.75,NA,NA,NA
"CG_M83","34","C","G","CG",83,"M","D2","MOCK",25.95,25.65,24.95,NA,NA,NA
"CG_M87","34","C","G","CG",87,"M","D2","FLU",25.55,24.55,23.55,NA,NA,NA
"CG_M94","34","C","G","CG",94,"M","D2","FLU",25.8,24.85,23.75,NA,NA,NA
"CH_F20","22","C","H","CH",20,"F","D2","FLU",18.3,18.2,18.2,NA,NA,NA
"CH_F21","22","C","H","CH",21,"F","D2","MOCK",16.95,16.65,16.35,NA,NA,NA
"CH_F5","22","C","H","CH",5,"F","D2","FLU",21,21.05,20.7,NA,NA,NA
"CH_F53","31","C","H","CH",53,"F","D4","FLU",19.1,17.97,17.6,15.6,14.85,NA
"CH_F54","31","C","H","CH",54,"F","D4","FLU",16.95,16.72,15.9,14.45,13.25,NA
"CH_F55","31","C","H","CH",55,"F","D4","MOCK",17.25,16.7,16.8,16.7,16.7,NA
"CH_F56","31","C","H","CH",56,"F","D4","FLU",19.1,17.53,17.05,15.4,14.35,NA
"CH_F7","22","C","H","CH",7,"F","D2","FLU",17.4,17.2,17.8,NA,NA,NA
"CH_M16","22","C","H","CH",16,"M","D4","FLU",22.7,23,22.4,20,18.9,NA
"CH_M17","22","C","H","CH",17,"M","D4","FLU",21.05,20.4,19.95,18.5,17,NA
"CH_M3","22","C","H","CH",3,"M","D4","FLU",19.65,19.6,19.3,17.8,16.65,NA
"CH_M32","27","C","H","CH",32,"M","D2","FLU",22.9,23,22.85,NA,NA,NA
"CH_M33","27","C","H","CH",33,"M","D2","FLU",19.5,19.5,19.5,NA,NA,NA
"CH_M34","27","C","H","CH",34,"M","D2","MOCK",22,21.75,21.8,NA,NA,NA
"CH_M35","27","C","H","CH",35,"M","D2","FLU",21.3,21.6,21.2,NA,NA,NA
"CH_M9","22","C","H","CH",9,"M","D4","MOCK",19.5,19,18.95,19.3,19.4,NA
"DA_F103","15","D","A","DA",103,"F","D4","FLU",18.9,19.25,18.15,16.52,15.55,NA
"DA_F116","15","D","A","DA",116,"F","D4","FLU",19.15,19.1,18.5,16.85,15.7,NA
"DA_F123","15","D","A","DA",123,"F","D4","FLU",23.25,24,22.95,21.16,19.85,NA
"DA_F177","23","D","A","DA",177,"F","D2","FLU",23.6,22.8,22.4,NA,NA,NA
"DA_F178","23","D","A","DA",178,"F","D2","MOCK",24.95,24.25,24.4,NA,NA,NA
"DA_F179","23","D","A","DA",179,"F","D2","FLU",24.15,23.8,23.8,NA,NA,NA
"DA_F180","23","D","A","DA",180,"F","D2","FLU",23.35,23.7,22.7,NA,NA,NA
"DA_F92","15","D","A","DA",92,"F","D4","MOCK",20.2,21,21.05,20.85,20.99,NA
"DA_M111","15","D","A","DA",111,"M","D4","FLU",26.1,26.3,25.5,24.1,22.8,NA
"DA_M114","15","D","A","DA",114,"M","D4","MOCK",25.4,25.2,25.7,25.9,25.65,NA
"DA_M160","19","D","A","DA",160,"M","D2","FLU",30.25,29.8,29.25,NA,NA,NA
"DA_M163","19","D","A","DA",163,"M","D2","FLU",26.9,27.4,27.95,NA,NA,NA
"DA_M164","19","D","A","DA",164,"M","D2","MOCK",27.4,27.2,27.1,NA,NA,NA
"DA_M166","19","D","A","DA",166,"M","D2","FLU",32.25,32.55,32.45,NA,NA,NA
"DA_M84","15","D","A","DA",84,"M","D4","FLU",25.2,25.35,25.45,25.36,26.6,NA
"DA_M96","15","D","A","DA",96,"M","D4","FLU",27.9,27.7,26.95,26,24.25,NA
"DB_F17","5","D","B","DB",17,"F","D2","FLU",21.15,20.7,20.6,NA,NA,NA
"DB_F39","5","D","B","DB",39,"F","D4","FLU",21.3,21.25,21.6,19.3,18.45,NA
"DB_F6","5","D","B","DB",6,"F","D2","FLU",19.45,19.6,18.75,NA,NA,NA
"DB_F61","5","D","B","DB",61,"F","D2","FLU",22.2,22.6,23.1,NA,NA,NA
"DB_F62","5","D","B","DB",62,"F","D4","FLU",21.8,22.3,23.2,21,20.15,NA
"DB_F68","5","D","B","DB",68,"F","D4","FLU",21.1,21.9,22.25,19.35,18,NA
"DB_F69","5","D","B","DB",69,"F","D2","MOCK",20.24,20.8,20.75,NA,NA,NA
"DB_F9","5","D","B","DB",9,"F","D4","MOCK",19.51,20.15,18.9,19.85,20.5,NA
"DB_M11","5","D","B","DB",11,"M","D4","FLU",31.47,31.7,31.4,30.6,30.55,NA
"DB_M13","5","D","B","DB",13,"M","D2","FLU",29.5,30.15,29.45,NA,NA,NA
"DB_M43","5","D","B","DB",43,"M","D2","MOCK",28.92,29,28.65,NA,NA,NA
"DB_M49","5","D","B","DB",49,"M","D4","MOCK",31.88,31.9,31.9,31.6,31.9,NA
"DB_M54","5","D","B","DB",54,"M","D4","FLU",29.39,29.6,29.55,29.6,29.6,NA
"DB_M56","5","D","B","DB",56,"M","D4","FLU",30.66,30.15,30.25,30.15,29.5,NA
"DB_M64","5","D","B","DB",64,"M","D2","FLU",28,28.1,27.7,NA,NA,NA
"DC_F21","14","D","C","DC",21,"F","D2","FLU",23.1,23.75,23.8,NA,NA,NA
"DC_F226","57","D","C","DC",226,"F","D2","MOCK",22.05,21.85,21,NA,NA,NA
"DC_F227","57","D","C","DC",227,"F","D2","FLU",24.15,23.9,23.15,NA,NA,NA
"DC_F228","57","D","C","DC",228,"F","D2","FLU",22,21.5,20.9,NA,NA,NA
"DC_F229","57","D","C","DC",229,"F","D2","FLU",23.85,23.5,22.95,NA,NA,NA
"DC_F4","14","D","C","DC",4,"F","D2","FLU",21.1,21.1,21,NA,NA,NA
"DC_F44","14","D","C","DC",44,"F","D4","FLU",22.75,22.8,22.25,19.5,18.4,NA
"DC_F46","14","D","C","DC",46,"F","D2","FLU",22.4,22.65,22.45,NA,NA,NA
"DC_F6","14","D","C","DC",6,"F","D4","FLU",21.95,21.1,21.1,18.3,17.2,NA
"DC_F66","14","D","C","DC",66,"F","D4","FLU",19.75,19.85,19.45,17.35,16.1,NA
"DC_F67","14","D","C","DC",67,"F","D4","MOCK",20.3,20.1,19.9,19.9,20.25,NA
"DC_F79","14","D","C","DC",79,"F","D2","MOCK",24.3,25.4,25,NA,NA,NA
"DC_M33","14","D","C","DC",33,"M","D2","FLU",25.05,24.95,24.7,NA,NA,NA
"DC_M41","14","D","C","DC",41,"M","D2","MOCK",28.8,28.7,29,NA,NA,NA
"DC_M60","14","D","C","DC",60,"M","D2","FLU",27.15,26.15,26.2,NA,NA,NA
"DC_M62","14","D","C","DC",62,"M","D2","FLU",27.1,27,26.9,NA,NA,NA
"DC_M81","15","D","C","DC",81,"M","D4","FLU",30.2,29.95,28.7,27.32,25.9,NA
"DC_M82","15","D","C","DC",82,"M","D4","MOCK",29.75,31.05,30.6,30,30.1,NA
"DC_M83","15","D","C","DC",83,"M","D4","FLU",29.75,30.4,30.2,30,30,NA
"DC_M84","15","D","C","DC",84,"M","D4","FLU",29.9,30.5,30.4,30.07,30.61,NA
"DD_F399","1","D","D","DD",399,"F","D2","FLU",19.41,19.6,18.95,NA,NA,NA
"DD_F400","1","D","D","DD",400,"F","D4","MOCK",20.78,20.6,21.05,21.4,21.1,NA
"DD_F416","1","D","D","DD",416,"F","D2","MOCK",20.52,20.7,20.5,NA,NA,NA
"DD_F417","1","D","D","DD",417,"F","D4","FLU",19.4,20.5,20.55,19.5,17.1,NA
"DD_F424","1","D","D","DD",424,"F","D2","FLU",18.55,19.1,19.1,NA,NA,NA
"DD_F425","1","D","D","DD",425,"F","D4","FLU",21.31,21.7,21.6,18.4,17.9,NA
"DD_F439","1","D","D","DD",439,"F","D4","FLU",21.2,21.75,21.7,19.15,17.2,NA
"DD_F441","1","D","D","DD",441,"F","D2","FLU",21.18,22.05,21.15,NA,NA,NA
"DD_M395","1","D","D","DD",395,"M","D2","MOCK",24.9,24.6,24.95,NA,NA,NA
"DD_M396","1","D","D","DD",396,"M","D4","FLU",24.05,24.9,24.9,22.55,20.8,NA
"DD_M412","1","D","D","DD",412,"M","D2","FLU",26.3,25.9,26,NA,NA,NA
"DD_M414","1","D","D","DD",414,"M","D4","FLU",24.46,24.7,24.95,22.5,20.88,NA
"DD_M421","1","D","D","DD",421,"M","D2","FLU",27.6,26.85,26.25,NA,NA,NA
"DD_M427","1","D","D","DD",427,"M","D4","MOCK",23.41,23.6,24.2,24.35,23.9,NA
"DD_M429","1","D","D","DD",429,"M","D2","FLU",24.85,24.9,24.7,NA,NA,NA
"DE_F115","21","D","E","DE",115,"F","D2","FLU",36.15,35.6,34.4,NA,NA,NA
"DE_F124","21","D","E","DE",124,"F","D2","FLU",28.95,28.65,29.3,NA,NA,NA
"DE_F126","21","D","E","DE",126,"F","D2","MOCK",27,27,27.65,NA,NA,NA
"DE_F127","21","D","E","DE",127,"F","D2","FLU",26.45,26.15,26.5,NA,NA,NA
"DE_F139","22","D","E","DE",139,"F","D4","FLU",28.05,28.2,28.6,28,28.2,NA
"DE_F140","22","D","E","DE",140,"F","D4","FLU",28.8,27.6,27.3,25.8,25.6,NA
"DE_F152","22","D","E","DE",152,"F","D4","FLU",28.5,28.5,29.45,29,28.6,NA
"DE_F153","22","D","E","DE",153,"F","D4","MOCK",29.4,27.95,28.1,28.35,29,NA
"DE_M19","14","D","E","DE",19,"M","D2","MOCK",40.4,40.1,40.3,NA,NA,NA
"DE_M3","14","D","E","DE",3,"M","D2","FLU",36.2,36.15,36.55,NA,NA,NA
"DE_M42","15","D","E","DE",42,"M","D4","MOCK",43.1,42.95,42.6,42.44,43.79,NA
"DE_M48","15","D","E","DE",48,"M","D4","FLU",40.9,40.95,40.3,40.18,40.1,NA
"DE_M5","14","D","E","DE",5,"M","D2","FLU",35.15,34.5,35.15,NA,NA,NA
"DE_M58","15","D","E","DE",58,"M","D4","FLU",42.5,42.5,42.2,42.08,42.78,NA
"DE_M59","15","D","E","DE",59,"M","D4","FLU",38.6,38.6,38.25,38.19,39.13,NA
"DE_M8","14","D","E","DE",8,"M","D2","FLU",32.25,31.65,32.25,NA,NA,NA
"DF_F132","31","D","F","DF",132,"F","D2","FLU",23.2,22.42,22.45,NA,NA,NA
"DF_F136","31","D","F","DF",136,"F","D2","MOCK",20,19.93,19.8,NA,NA,NA
"DF_F138","31","D","F","DF",138,"F","D2","FLU",19.9,18.68,18.7,NA,NA,NA
"DF_F140","31","D","F","DF",140,"F","D2","FLU",21.1,19.37,17.6,NA,NA,NA
"DF_F284","92","D","F","DF",284,"F","D4","FLU",18.45,18.5,18.15,16.7,16.25,NA
"DF_F285","92","D","F","DF",285,"F","D4","MOCK",18.5,18.35,18.7,18.95,19.4,NA
"DF_F286","92","D","F","DF",286,"F","D4","FLU",18.25,17.9,18.8,17.35,16.6,NA
"DF_F287","92","D","F","DF",287,"F","D4","FLU",16.8,16.95,17.4,15.8,15.3,NA
"DF_F288","92","D","F","DF",288,"F","D4","FLU",17.6,17.75,18.1,17.1,15.8,NA
"DF_M1","11","D","F","DF",1,"M","D2","FLU",27.25,28.3,28.6,NA,NA,NA
"DF_M11","11","D","F","DF",11,"M","D4","FLU",25.7,25.85,25.9,25.5,25.6,NA
"DF_M12","11","D","F","DF",12,"M","D2","MOCK",25.45,25.75,25.45,NA,NA,NA
"DF_M19","11","D","F","DF",19,"M","D4","FLU",26.6,27.3,27.25,27.1,26.75,NA
"DF_M22","11","D","F","DF",22,"M","D4","FLU",27.4,26.95,27.2,25.6,24,NA
"DF_M220","64","D","F","DF",220,"M","D2","MOCK",24.25,24.3,24.5,NA,NA,NA
"DF_M227","64","D","F","DF",227,"M","D2","FLU",24.2,25,25.05,NA,NA,NA
"DF_M228","64","D","F","DF",228,"M","D2","FLU",24.65,25.4,25.25,NA,NA,NA
"DF_M229","64","D","F","DF",229,"M","D2","FLU",26.15,26.6,26.35,NA,NA,NA
"DF_M23","11","D","F","DF",23,"M","D2","FLU",30.4,31.4,31.1,NA,NA,NA
"DF_M4","11","D","F","DF",4,"M","D4","MOCK",26.7,26.5,27.1,26.7,27.15,NA
"DF_M9","11","D","F","DF",9,"M","D2","FLU",27,27.45,27.4,NA,NA,NA
"DG_F18","11","D","G","DG",18,"F","D4","FLU",16.35,16.35,15.6,16.35,16,NA
"DG_F20","11","D","G","DG",20,"F","D2","FLU",16.8,17.05,16.45,NA,NA,NA
"DG_F32","11","D","G","DG",32,"F","D2","MOCK",16.8,16.9,16.9,NA,NA,NA
"DG_F35","11","D","G","DG",35,"F","D4","FLU",17.8,16.45,16.9,16.6,17.15,NA
"DG_F39","11","D","G","DG",39,"F","D4","FLU",19.1,18.5,18.2,17.1,18.1,NA
"DG_F48","11","D","G","DG",48,"F","D2","FLU",16.9,16.55,16.1,NA,NA,NA
"DG_F55","11","D","G","DG",55,"F","D4","MOCK",16.45,16.5,16.9,16.15,17.2,NA
"DG_F58","11","D","G","DG",58,"F","D2","FLU",18,17.3,16.65,NA,NA,NA
"DG_M15","11","D","G","DG",15,"M","D2","FLU",24.1,24.9,24.25,NA,NA,NA
"DG_M16","11","D","G","DG",16,"M","D4","MOCK",25.8,25.35,25.6,25,25.55,NA
"DG_M27","11","D","G","DG",27,"M","D4","FLU",26.75,25.85,26.55,26.4,25.8,NA
"DG_M40","11","D","G","DG",40,"M","D2","FLU",25.6,26.2,25.6,NA,NA,NA
"DG_M44","11","D","G","DG",44,"M","D4","FLU",27.6,27.6,27.2,26.35,26.6,NA
"DG_M52","11","D","G","DG",52,"M","D2","FLU",24.8,24.55,24.4,NA,NA,NA
"DG_M6","11","D","G","DG",6,"M","D4","FLU",26.8,26.3,25.8,24,24.22,NA
"DG_M8","11","D","G","DG",8,"M","D2","MOCK",27.5,27.2,26.8,NA,NA,NA
"DH_F10","11","D","H","DH",10,"F","D4","FLU",16.9,17,16.55,14.75,14,NA
"DH_F19","11","D","H","DH",19,"F","D4","MOCK",17.85,18.45,17.45,17.7,17.8,NA
"DH_F27","11","D","H","DH",27,"F","D2","MOCK",19.6,18.9,18.35,NA,NA,NA
"DH_F35","11","D","H","DH",35,"F","D4","FLU",18.45,17.35,17.3,14.85,14.7,NA
"DH_F36","11","D","H","DH",36,"F","D2","FLU",17.5,16.15,15.75,NA,NA,NA
"DH_F62","11","D","H","DH",62,"F","D2","FLU",16.15,17.1,16.65,NA,NA,NA
"DH_F7","11","D","H","DH",7,"F","D2","FLU",18.25,17.95,17.2,NA,NA,NA
"DH_F72","11","D","H","DH",72,"F","D4","FLU",19.4,19.15,19.4,18.9,19,NA
"DH_M12","11","D","H","DH",12,"M","D4","FLU",22.25,22.2,22.9,20,20.25,NA
"DH_M15","11","D","H","DH",15,"M","D2","FLU",22.9,23.15,22.1,NA,NA,NA
"DH_M22","11","D","H","DH",22,"M","D4","FLU",23.45,23.15,23.7,20.2,19.1,NA
"DH_M25","11","D","H","DH",25,"M","D2","FLU",23.15,23.55,22.95,NA,NA,NA
"DH_M31","11","D","H","DH",31,"M","D4","MOCK",21.35,21.15,21.5,20.1,22,NA
"DH_M39","11","D","H","DH",39,"M","D2","FLU",21.2,21.3,20.25,NA,NA,NA
"DH_M4","11","D","H","DH",4,"M","D2","MOCK",24.15,24.2,23.7,NA,NA,NA
"DH_M42","11","D","H","DH",42,"M","D4","FLU",23.6,23.65,24.1,20.7,19.8,NA
"EA_F66","77","E","A","EA",66,"F","D4","FLU",32.7,32.9,32.05,31,29.6,NA
"EA_F67","77","E","A","EA",67,"F","D4","FLU",30.55,30.3,29.55,28.6,27.1,NA
"EA_F72","77","E","A","EA",72,"F","D4","MOCK",33.1,32.95,32.5,31.7,33,NA
"EA_F75","77","E","A","EA",75,"F","D4","FLU",29.7,30.8,29.95,29.75,28.7,NA
"EA_F78","77","E","A","EA",78,"F","D2","FLU",30.8,30.85,30.75,NA,NA,NA
"EA_F79","77","E","A","EA",79,"F","D2","FLU",33.45,34,33.1,NA,NA,NA
"EA_F80","77","E","A","EA",80,"F","D2","MOCK",31.6,31.8,31.65,NA,NA,NA
"EA_F81","77","E","A","EA",81,"F","D2","FLU",29.65,30.7,31,NA,NA,NA
"EA_M26","74","E","A","EA",26,"M","D2","FLU",45.8,45.3,45.55,NA,NA,NA
"EA_M27","74","E","A","EA",27,"M","D2","FLU",45.95,46.25,46.45,NA,NA,NA
"EA_M28","74","E","A","EA",28,"M","D2","FLU",44.7,44.5,43.85,NA,NA,NA
"EA_M29","74","E","A","EA",29,"M","D2","MOCK",45,45.2,45.45,NA,NA,NA
"EA_M85","82","E","A","EA",85,"M","D4","FLU",50.55,50.25,50.2,50.15,49.75,NA
"EA_M88","82","E","A","EA",88,"M","D4","FLU",51.25,51.5,50.85,50.15,49,NA
"EA_M89","82","E","A","EA",89,"M","D4","MOCK",51,50.65,51,51.2,51.35,NA
"EA_M90","82","E","A","EA",90,"M","D4","FLU",49.25,49.1,48.95,47.75,46.45,NA
"EB_F51","69","E","B","EB",51,"F","D4","FLU",29.85,30.2,29.9,28.3,27.1,NA
"EB_F52","69","E","B","EB",52,"F","D4","FLU",34.6,34.2,33.9,32.65,30.75,NA
"EB_F59","69","E","B","EB",59,"F","D4","FLU",35.7,34.25,33.4,32.3,30.7,NA
"EB_F60","69","E","B","EB",60,"F","D4","MOCK",29.3,28.1,28.7,28.15,27.7,NA
"EB_F83","74","E","B","EB",83,"F","D2","FLU",32.85,33.6,33.85,NA,NA,NA
"EB_F84","74","E","B","EB",84,"F","D2","FLU",30.25,30,31.05,NA,NA,"fixed: D2 weight switched with E_F87, (Paul)"
"EB_F87","74","E","B","EB",87,"F","D2","FLU",36.2,36.6,36.35,NA,NA,"fixed: D2 weight switched with E_F84, (Paul)"
"EB_F88","74","E","B","EB",88,"F","D2","MOCK",31.65,31.45,31.9,NA,NA,NA
"EB_M24","12","E","B","EB",24,"M","D4","FLU",53.5,53.4,54.05,53.4,53.5,NA
"EB_M27","12","E","B","EB",27,"M","D4","FLU",46.35,46,46.15,45.45,45.35,NA
"EB_M28","12","E","B","EB",28,"M","D4","MOCK",45.25,45.1,45.3,45.3,44.7,NA
"EB_M29","12","E","B","EB",29,"M","D4","FLU",48,47.9,48.15,47.9,48.1,NA
"EB_M68","74","E","B","EB",68,"M","D2","FLU",43.2,43.6,43.9,NA,NA,NA
"EB_M69","74","E","B","EB",69,"M","D2","FLU",47,45.6,46,NA,NA,NA
"EB_M70","74","E","B","EB",70,"M","D2","FLU",45.95,46.15,45.7,NA,NA,NA
"EB_M74","74","E","B","EB",74,"M","D2","MOCK",43.1,42.1,41.7,NA,NA,NA
"EC_F36","19","E","C","EC",36,"F","D4","MOCK",28.9,28.7,28.3,28.8,28.7,NA
"EC_F37","19","E","C","EC",37,"F","D4","FLU",33.85,33.45,33,32.9,32,NA
"EC_F38","19","E","C","EC",38,"F","D4","FLU",28.2,28.25,28.7,27.6,27,NA
"EC_F43","19","E","C","EC",43,"F","D4","FLU",30.6,29.2,29.2,28.9,28.4,NA
"EC_F50","20","E","C","EC",50,"F","D2","FLU",33.55,33.1,33.2,NA,NA,NA
"EC_F53","20","E","C","EC",53,"F","D2","MOCK",31,31,30.3,NA,NA,NA
"EC_F54","20","E","C","EC",54,"F","D2","FLU",34.35,34.65,34.6,NA,NA,NA
"EC_F55","20","E","C","EC",55,"F","D2","FLU",30,30.6,29.6,NA,NA,NA
"EC_M11","18","E","C","EC",11,"M","D2","FLU",41,41.3,41.35,NA,NA,NA
"EC_M18","18","E","C","EC",18,"M","D2","MOCK",40.7,40.45,39.6,NA,NA,NA
"EC_M25","18","E","C","EC",25,"M","D2","FLU",41.85,41.25,41.2,NA,NA,NA
"EC_M26","18","E","C","EC",26,"M","D2","FLU",41.35,40.75,41.1,NA,NA,NA
"EC_M34","19","E","C","EC",34,"M","D4","FLU",36.2,36,35.8,34.65,34.1,NA
"EC_M35","19","E","C","EC",35,"M","D4","FLU",40,40.1,40.8,40.15,40.45,NA
"EC_M40","19","E","C","EC",40,"M","D4","FLU",39.95,39.6,38.85,37.55,36.8,NA
"EC_M41","19","E","C","EC",41,"M","D4","MOCK",42.2,41.4,40.55,40.3,41.15,NA
"ED_F137","75","E","D","ED",137,"F","D2","MOCK",35.65,35.7,36.5,NA,NA,NA
"ED_F138","75","E","D","ED",138,"F","D2","FLU",41.4,41.2,41.2,NA,NA,NA
"ED_F156","75","E","D","ED",156,"F","D2","FLU",34.15,34,34.05,NA,NA,NA
"ED_F157","75","E","D","ED",157,"F","D2","FLU",33.1,33.05,33.3,NA,NA,NA
"ED_F51","72","E","D","ED",51,"F","D4","FLU",41.9,38,39.1,38,38.2,NA
"ED_F52","72","E","D","ED",52,"F","D4","FLU",40,41.3,40.2,41.3,40.75,NA
"ED_F65","72","E","D","ED",65,"F","D4","FLU",41.7,41.05,40.2,41.05,41.8,NA
"ED_F66","72","E","D","ED",66,"F","D4","MOCK",43.3,42.65,42.8,42.65,43,NA
"ED_M24","14","E","D","ED",24,"M","D4","FLU",46.2,46.05,45.8,44.4,43.2,NA
"ED_M26","14","E","D","ED",26,"M","D4","MOCK",45.05,45.1,45.8,45.6,45.95,NA
"ED_M31","14","E","D","ED",31,"M","D4","FLU",42.75,42.95,42.45,41.4,39.7,NA
"ED_M32","14","E","D","ED",32,"M","D4","FLU",42.8,42.9,42.65,41.6,41.35,NA
"ED_M75","74","E","D","ED",75,"M","D2","FLU",55,55.1,54.5,NA,NA,NA
"ED_M76","74","E","D","ED",76,"M","D2","MOCK",44.4,44.5,44,NA,NA,NA
"ED_M77","74","E","D","ED",77,"M","D2","FLU",50.8,51.8,51.3,NA,NA,NA
"ED_M78","74","E","D","ED",78,"M","D2","FLU",55.5,55.2,54.35,NA,NA,NA
"EE_F226","2","E","E","EE",226,"F","D2","FLU",43.71,45.1,44.9,NA,NA,NA
"EE_F231","2","E","E","EE",231,"F","D2","FLU",38.58,40.2,40.8,NA,NA,NA
"EE_F233","2","E","E","EE",233,"F","D2","MOCK",43.11,44.45,44.85,NA,NA,NA
"EE_F234","2","E","E","EE",234,"F","D2","FLU",40.43,43,43.05,NA,NA,NA
"EE_F247","3","E","E","EE",247,"F","D4","FLU",44.52,45.1,43.9,44.55,44.6,NA
"EE_F252","3","E","E","EE",252,"F","D4","FLU",33.7,33.54,32.8,32.25,32.35,NA
"EE_F255","3","E","E","EE",255,"F","D4","FLU",35.75,36.08,36.25,36.45,35.85,NA
"EE_F261","3","E","E","EE",261,"F","D4","MOCK",35.8,34.76,36,35.8,35.8,NA
"EE_M243","3","E","E","EE",243,"M","D4","MOCK",48.63,48.53,50.3,51.4,51.45,NA
"EE_M245","3","E","E","EE",245,"M","D4","FLU",48.27,47.39,48.15,47.9,48,NA
"EE_M249","3","E","E","EE",249,"M","D4","FLU",45.6,44.84,44.75,46.65,45.85,NA
"EE_M257","3","E","E","EE",257,"M","D4","FLU",41.61,41.22,41.15,40.45,41.8,NA
"EE_M299","9","E","E","EE",299,"M","D4","FLU",47.7,48.25,48.6,49.7,49.95,NA
"EE_M300","9","E","E","EE",300,"M","D4","FLU",47.9,47.75,47.5,47.9,47.25,NA
"EE_M304","9","E","E","EE",304,"M","D4","MOCK",47.2,47.05,47.9,47.8,48.3,NA
"EE_M305","9","E","E","EE",305,"M","D4","FLU",44.9,45.15,45.1,44.3,44,NA
"EE_M528","64","E","E","EE",528,"M","D2","FLU",42.3,43,42.45,NA,NA,NA
"EE_M529","64","E","E","EE",529,"M","D2","FLU",42.2,42,42.15,NA,NA,NA
"EE_M530","64","E","E","EE",530,"M","D2","FLU",44.2,44.7,44.9,NA,NA,NA
"EE_M531","64","E","E","EE",531,"M","D2","MOCK",43.15,43.5,43.7,NA,NA,NA
"EH_F163","90","E","H","EH",163,"F","D2","FLU",24.3,24.25,23.65,NA,NA,NA
"EH_F165","90","E","H","EH",165,"F","D2","MOCK",25,25.1,24.55,NA,NA,NA
"EH_F166","90","E","H","EH",166,"F","D2","FLU",25,24.9,24.1,NA,NA,NA
"EH_F42","27","E","H","EH",42,"F","D4","MOCK",23.9,23.8,24.95,26.05,25.5,NA
"EH_F43","27","E","H","EH",43,"F","D4","FLU",24.15,24.4,24.2,22.65,21.6,NA
"EH_F44","27","E","H","EH",44,"F","D4","FLU",24.9,24.75,24.25,23.75,24.05,NA
"EH_F45","27","E","H","EH",45,"F","D4","FLU",23.9,23.8,23.75,24.55,24.3,NA
"EH_M1","14","E","H","EH",1,"M","D4","MOCK",28.4,28.4,28.4,28.8,28.55,NA
"EH_M2","14","E","H","EH",2,"M","D4","FLU",27.25,27.4,26.75,26.85,26.55,NA
"EH_M29","23","E","H","EH",29,"M","D2","MOCK",32.7,32.15,32.4,NA,NA,NA
"EH_M3","14","E","H","EH",3,"M","D4","FLU",27.6,27.4,27.6,27.75,26.6,NA
"EH_M30","23","E","H","EH",30,"M","D2","FLU",36.7,36.45,36.2,NA,NA,NA
"EH_M32","23","E","H","EH",32,"M","D2","FLU",34.5,34.15,33.9,NA,NA,NA
"EH_M4","14","E","H","EH",4,"M","D4","FLU",25.5,26,25.6,25.6,25.55,NA
"FA_F38","74","F","A","FA",38,"F","D2","MOCK",16.2,16.75,17.1,NA,NA,NA
"FA_F41","74","F","A","FA",41,"F","D2","FLU",18.55,18.45,17.7,NA,NA,NA
"FA_F42","74","F","A","FA",42,"F","D2","FLU",18.2,18.55,17.75,NA,NA,NA
"FA_F81","77","F","A","FA",81,"F","D4","MOCK",18,18.05,18.3,18.2,17.95,NA
"FA_F82","77","F","A","FA",82,"F","D4","FLU",17.25,16.75,17.1,17.7,17.4,NA
"FA_F91","77","F","A","FA",91,"F","D4","FLU",18.5,16.75,16.65,15.4,14.5,NA
"FA_F92","77","F","A","FA",92,"F","D4","FLU",16.9,16.6,16.55,16.45,15.8,NA
"FA_M32","74","F","A","FA",32,"M","D4","FLU",21.2,21.7,21.25,20.8,20.6,NA
"FA_M33","74","F","A","FA",33,"M","D4","FLU",20.05,20,19.05,17.85,16.4,NA
"FA_M34","74","F","A","FA",34,"M","D4","FLU",21.1,21.4,19.95,18.35,17.4,NA
"FA_M35","74","F","A","FA",35,"M","D4","MOCK",23.35,23.5,23.4,23.65,23.4,NA
"FA_M61","75","F","A","FA",61,"M","D2","FLU",24.45,24.45,23.9,NA,NA,NA
"FA_M62","75","F","A","FA",62,"M","D2","MOCK",26.05,25.75,25.8,NA,NA,NA
"FA_M63","75","F","A","FA",63,"M","D2","FLU",25.2,25.15,25,NA,NA,NA
"FA_M64","75","F","A","FA",64,"M","D2","FLU",23.95,23.65,23.3,NA,NA,NA
"FB_F101","23","F","B","FB",101,"F","D2","MOCK",18.6,18.75,18.5,NA,NA,NA
"FB_F103","23","F","B","FB",103,"F","D2","FLU",18.8,19.1,18.3,NA,NA,NA
"FB_F126","27","F","B","FB",126,"F","D4","FLU",19.55,18.25,18.95,19.5,19.2,NA
"FB_F127","27","F","B","FB",127,"F","D4","MOCK",17.35,17.9,17.5,18.05,18.1,NA
"FB_F133","27","F","B","FB",133,"F","D4","FLU",16.55,16.3,16.4,16.5,16.05,NA
"FB_F134","27","F","B","FB",134,"F","D4","FLU",15.65,15.9,15.4,13.6,12.55,NA
"FB_F91","23","F","B","FB",91,"F","D2","FLU",21.45,21.6,20.9,NA,NA,NA
"FB_F97","23","F","B","FB",97,"F","D2","FLU",19.2,19.3,19.35,NA,NA,NA
"FB_M150","29","F","B","FB",150,"M","D2","FLU",23.75,23.7,23.35,NA,NA,NA
"FB_M151","29","F","B","FB",151,"M","D2","FLU",28.9,28.9,28.25,NA,NA,NA
"FB_M155","29","F","B","FB",155,"M","D2","FLU",21.8,21.8,21.6,NA,NA,NA
"FB_M156","29","F","B","FB",156,"M","D2","MOCK",22.5,22.5,22.35,NA,NA,NA
"FB_M76","23","F","B","FB",76,"M","D4","MOCK",21.95,21.6,21.5,21.6,21.25,NA
"FB_M92","23","F","B","FB",92,"M","D4","FLU",23,22.8,23,22.15,21.6,NA
"FB_M99","23","F","B","FB",99,"M","D4","FLU",22.8,22.45,22.3,19.75,18.2,NA
"FC_F144","84","F","C","FC",144,"F","D4","MOCK",16.7,16.6,16.4,16.25,16.3,NA
"FC_F147","84","F","C","FC",147,"F","D4","FLU",16.55,16.7,16.6,15.1,13.95,NA
"FC_F148","84","F","C","FC",148,"F","D4","FLU",17.1,17.05,17.55,15.9,14.55,NA
"FC_F39","71","F","C","FC",39,"F","D2","FLU",16.05,15.7,15.5,NA,NA,NA
"FC_F40","71","F","C","FC",40,"F","D2","FLU",15.55,15.45,16.05,NA,NA,NA
"FC_F41","71","F","C","FC",41,"F","D2","FLU",15.5,15.4,15.65,NA,NA,NA
"FC_F46","71","F","C","FC",46,"F","D2","MOCK",15.95,15.7,15.65,NA,NA,NA
"FC_M101","77","F","C","FC",101,"M","D2","FLU",19.25,19,18.9,NA,NA,NA
"FC_M102","77","F","C","FC",102,"M","D2","FLU",19.05,19.65,19.7,NA,NA,NA
"FC_M151","84","F","C","FC",151,"M","D4","MOCK",21.7,20.95,20.6,20,20.95,NA
"FC_M152","84","F","C","FC",152,"M","D4","FLU",19.9,19.75,20.2,18.7,17,NA
"FC_M153","84","F","C","FC",153,"M","D4","FLU",18.95,19.1,19.3,18.6,17.35,NA
"FC_M154","84","F","C","FC",154,"M","D4","FLU",21,20.85,21.05,20.2,18.5,NA
"FC_M98","77","F","C","FC",98,"M","D2","MOCK",22.25,21.9,21.8,NA,NA,NA
"FC_M99","77","F","C","FC",99,"M","D2","FLU",20.3,19.85,20.45,NA,NA,NA
"FD_F150","84","F","D","FD",150,"F","D2","MOCK",19.35,19.4,19.75,NA,NA,NA
"FD_F151","84","F","D","FD",151,"F","D2","FLU",18.35,18.2,17.55,NA,NA,NA
"FD_F155","84","F","D","FD",155,"F","D2","FLU",17.25,17.25,17.45,NA,NA,NA
"FD_F156","84","F","D","FD",156,"F","D2","FLU",17.2,17.1,16.8,NA,NA,NA
"FD_F161","90","F","D","FD",161,"F","D2","FLU",17.85,17.35,18.2,NA,NA,NA
"FD_F162","90","F","D","FD",162,"F","D2","MOCK",20.05,20.2,19.65,NA,NA,NA
"FD_F166","90","F","D","FD",166,"F","D2","FLU",17.95,17.7,18.2,NA,NA,NA
"FD_F167","90","F","D","FD",167,"F","D2","FLU",19.4,19.25,19.95,NA,NA,NA
"FD_M40","72","F","D","FD",40,"M","D4","FLU",19.85,20.05,20.15,19.9,20.2,NA
"FD_M41","72","F","D","FD",41,"M","D4","FLU",20.8,20.9,20.65,20.75,20.2,NA
"FD_M42","72","F","D","FD",42,"M","D4","MOCK",18.75,18.85,18.65,18.7,18.8,NA
"FD_M45","72","F","D","FD",45,"M","D4","FLU",19.7,19.85,19.65,19.55,19.05,NA
"FD_M73","77","F","D","FD",73,"M","D2","FLU",22.75,22.7,23.3,NA,NA,NA
"FD_M75","77","F","D","FD",75,"M","D2","MOCK",22.25,22,22.45,NA,NA,NA
"FD_M76","77","F","D","FD",76,"M","D2","FLU",20.3,21.1,22.6,NA,NA,NA
"FE_F15","74","F","E","FE",15,"F","D2","MOCK",21.45,21.05,20.35,NA,NA,NA
"FE_F16","74","F","E","FE",16,"F","D2","FLU",20.8,20.35,19.8,NA,NA,NA
"FE_F17","74","F","E","FE",17,"F","D2","FLU",20.1,20.05,20.65,NA,NA,NA
"FE_F23","74","F","E","FE",23,"F","D2","FLU",23.5,23.35,23.5,NA,NA,NA
"FE_F91","82","F","E","FE",91,"F","D4","MOCK",18.2,18.25,18.65,19.25,19.35,NA
"FE_F92","82","F","E","FE",92,"F","D4","FLU",19.7,19.7,20,18.75,17.8,NA
"FE_F93","82","F","E","FE",93,"F","D4","FLU",19.6,19.25,19.45,20,19.75,NA
"FE_F96","82","F","E","FE",96,"F","D4","FLU",21.1,21.2,20.6,19.25,17.65,NA
"FE_M29","77","F","E","FE",29,"M","D2","FLU",32.05,32.5,31.9,NA,NA,NA
"FE_M30","77","F","E","FE",30,"M","D2","FLU",32.7,33,32.2,NA,NA,NA
"FE_M31","77","F","E","FE",31,"M","D2","FLU",33.85,34,33.35,NA,NA,NA
"FE_M36","77","F","E","FE",36,"M","D2","MOCK",28.15,29.65,29.9,NA,NA,NA
"FE_M37","77","F","E","FE",37,"M","D4","FLU",27.7,28.15,28.2,27.75,28,NA
"FE_M38","77","F","E","FE",38,"M","D4","MOCK",27.4,28,27.6,27.5,27.5,NA
"FE_M39","77","F","E","FE",39,"M","D4","FLU",25.6,26.55,26.4,26.85,24.1,NA
"FE_M40","77","F","E","FE",40,"M","D4","FLU",23.45,25,24.25,24.65,23.5,NA
"FF_F398","30","F","F","FF",398,"F","D2","FLU",10.85,10.8,11.5,NA,NA,NA
"FF_F401","30","F","F","FF",401,"F","D2","FLU",11.6,11.6,10.65,NA,NA,NA
"FF_F402","30","F","F","FF",402,"F","D2","MOCK",13.6,13.7,13.5,NA,NA,NA
"FF_F6054","72","F","F","FF",6054,"F","D4","MOCK",12.6,12.75,12.6,12.55,12.45,NA
"FF_F6055","72","F","F","FF",6055,"F","D4","FLU",12.35,12.3,12.3,12,11.55,NA
"FF_F6056","72","F","F","FF",6056,"F","D4","FLU",12.6,12.1,12,11.7,11.5,NA
"FF_F6057","72","F","F","FF",6057,"F","D4","FLU",10.5,10.4,10.25,9.3,8.85,NA
"FF_M290","9","F","F","FF",290,"M","D4","FLU",15.1,15.3,15.2,15.2,15.45,NA
"FF_M302","9","F","F","FF",302,"M","D4","MOCK",15.25,14.85,14.6,14.45,14.6,NA
"FF_M304","9","F","F","FF",304,"M","D4","FLU",14.85,15.45,15.2,15.4,15.4,NA
"FF_M395","30","F","F","FF",395,"M","D2","FLU",16.25,16.2,15.65,12.15,11.9,NA
"FF_M396","30","F","F","FF",396,"M","D2","MOCK",14,13.85,13.95,10.35,10.45,NA
"FF_M399","30","F","F","FF",399,"M","D2","FLU",15.65,15.5,15.2,10.9,10.8,NA
"FF_M400","30","F","F","FF",400,"M","D2","FLU",14.75,14.85,14.8,12.2,11.75,NA
"FG_F198","80","F","G","FG",198,"F","D2","FLU",14.25,14.1,13.55,NA,NA,NA
"FG_F199","80","F","G","FG",199,"F","D2","MOCK",15.6,15.2,14,NA,NA,NA
"FG_F200","80","F","G","FG",200,"F","D2","FLU",15.65,15.7,15.1,NA,NA,NA
"FG_F222","82","F","G","FG",222,"F","D4","FLU",15.9,15.1,14.45,14.6,14.05,NA
"FG_F224","82","F","G","FG",224,"F","D4","FLU",16.1,15.45,15.25,15,14.35,NA
"FG_F233","82","F","G","FG",233,"F","D4","MOCK",15.2,15.3,14.9,15.15,14.55,NA
"FG_F234","82","F","G","FG",234,"F","D4","FLU",16.05,15.45,15.1,14.75,14.55,NA
"FG_M100","75","F","G","FG",100,"M","D4","MOCK",20.05,20,19.85,20.05,20.4,NA
"FG_M101","75","F","G","FG",101,"M","D4","FLU",17.65,17.5,17,16.95,17.25,NA
"FG_M105","75","F","G","FG",105,"M","D4","FLU",16.2,15.95,14.95,15.4,15.6,NA
"FG_M391","90","F","G","FG",391,"M","D2","FLU",17.75,17.8,17.9,NA,NA,NA
"FG_M393","90","F","G","FG",393,"M","D2","FLU",18.55,18.35,18,NA,NA,NA
"FG_M86","74","F","G","FG",86,"M","D2","FLU",14.7,14.4,13.4,NA,NA,NA
"FG_M92","74","F","G","FG",92,"M","D2","MOCK",16.3,16.1,15.65,NA,NA,NA
"FH_F80","75","F","H","FH",80,"F","D2","FLU",13.8,13.6,13.5,NA,NA,NA
"FH_F81","75","F","H","FH",81,"F","D2","MOCK",12.45,12.35,12.95,NA,NA,NA
"FH_F82","75","F","H","FH",82,"F","D2","FLU",12.25,12.3,11.9,NA,NA,NA
"FH_F83","75","F","H","FH",83,"F","D2","FLU",12.85,12.6,12.55,NA,NA,NA
"FH_F84","75","F","H","FH",84,"F","D4","FLU",13.9,13.45,12.85,11.95,11.05,NA
"FH_F85","75","F","H","FH",85,"F","D4","FLU",15.4,15.05,14.2,13.15,12.4,NA
"FH_F86","75","F","H","FH",86,"F","D4","MOCK",13.6,13.55,14.15,14.3,14.25,NA
"FH_F87","75","F","H","FH",87,"F","D4","FLU",13.8,13.65,13.9,14.05,14.35,NA
"FH_M171","82","F","H","FH",171,"M","D4","FLU",18.45,18.5,18.3,16.7,15.85,NA
"FH_M172","82","F","H","FH",172,"M","D4","MOCK",16.3,16.65,16.5,16.65,16.75,NA
"FH_M181","82","F","H","FH",181,"M","D4","FLU",18.8,19.1,18.2,16.65,15.1,NA
"FH_M182","82","F","H","FH",182,"M","D4","FLU",17.1,17.4,16.35,14.75,13.65,NA
"FH_M43","75","F","H","FH",43,"M","D4","FLU",18.5,18.45,18,17.95,17.5,NA
"FH_M46","75","F","H","FH",46,"M","D4","FLU",18.15,18,18.7,17.85,15.8,NA
"FH_M47","75","F","H","FH",47,"M","D4","MOCK",18.55,18.35,18.4,19.05,19.4,NA
"FH_M55","74","F","H","FH",55,"M","D2","FLU",18.05,18.1,18.9,NA,NA,NA
"FH_M56","74","F","H","FH",56,"M","D2","FLU",16.4,16.05,15.95,NA,NA,NA
"FH_M72","74","F","H","FH",72,"M","D2","MOCK",17.8,17.5,17.65,NA,NA,NA
"FH_M73","74","F","H","FH",73,"M","D2","FLU",15.75,15.4,14.95,NA,NA,NA
"GA_F120","18","G","A","GA",120,"F","D4","FLU",17,16.5,16.7,16,16.3,NA
"GA_F121","18","G","A","GA",121,"F","D4","MOCK",16.4,16.65,16.85,17.1,17.75,NA
"GA_F126","18","G","A","GA",126,"F","D4","FLU",15.9,16.2,16,15.7,16.55,NA
"GA_F127","18","G","A","GA",127,"F","D4","FLU",16.6,16.1,15.85,15.35,15.7,NA
"GA_F148","23","G","A","GA",148,"F","D2","MOCK",15.5,15.7,15.4,NA,NA,NA
"GA_F155","23","G","A","GA",155,"F","D2","FLU",15.9,15.45,15.55,NA,NA,NA
"GA_F157","23","G","A","GA",157,"F","D2","FLU",18.15,17.75,16.5,NA,NA,NA
"GA_F162","23","G","A","GA",162,"F","D2","FLU",16.6,16.7,16.9,NA,NA,NA
"GA_M145","23","G","A","GA",145,"M","D4","FLU",28.15,28.5,29.3,29.5,28.8,NA
"GA_M150","23","G","A","GA",150,"M","D4","FLU",19.55,19.9,20.3,19.35,18.55,NA
"GA_M152","23","G","A","GA",152,"M","D4","FLU",23.65,23.65,24.1,23.65,23.25,NA
"GA_M159","23","G","A","GA",159,"M","D4","MOCK",23.2,22.7,23,23.25,23.1,NA
"GA_M86","15","G","A","GA",86,"M","D2","FLU",18.35,18.1,17.75,NA,NA,NA
"GA_M87","15","G","A","GA",87,"M","D2","FLU",23.8,23.9,24.42,NA,NA,NA
"GA_M91","15","G","A","GA",91,"M","D2","FLU",24.8,24.4,23.56,NA,NA,NA
"GA_M92","15","G","A","GA",92,"M","D2","MOCK",20.9,20.9,21.05,NA,NA,NA
"GB_F178","74","G","B","GB",178,"F","D2","FLU",17.6,17.75,17.25,NA,NA,NA
"GB_F179","74","G","B","GB",179,"F","D2","FLU",18.15,18.1,18.3,NA,NA,NA
"GB_F180","74","G","B","GB",180,"F","D2","MOCK",17.65,17.6,17.9,NA,NA,NA
"GB_F181","74","G","B","GB",181,"F","D2","FLU",16,15.9,16.25,NA,NA,NA
"GB_F86","32","G","B","GB",86,"F","D4","MOCK",13.85,14.5,14.9,14.5,14.9,NA
"GB_F88","32","G","B","GB",88,"F","D4","FLU",15.6,15.75,16.25,15.75,15.95,NA
"GB_F91","32","G","B","GB",91,"F","D4","FLU",17.1,16.75,16.9,16.45,16.25,NA
"GB_F92","32","G","B","GB",92,"F","D4","FLU",19.9,18.1,17.6,17.9,18.2,NA
"GB_M49","25","G","B","GB",49,"M","D4","FLU",19.2,19.55,20.3,20.5,19.7,NA
"GB_M50","25","G","B","GB",50,"M","D4","MOCK",16.5,16.8,17.1,17.6,19,NA
"GB_M51","25","G","B","GB",51,"M","D4","FLU",19.85,19.85,20.9,20.6,19.65,NA
"GB_M52","25","G","B","GB",52,"M","D4","FLU",19.1,18.9,19.15,18.85,18.2,NA
"GB_M82","32","G","B","GB",82,"M","D2","MOCK",22.25,22.1,22.5,NA,NA,NA
"GB_M83","32","G","B","GB",83,"M","D2","FLU",19.9,19.8,20.35,NA,NA,NA
"GB_M85","32","G","B","GB",85,"M","D2","FLU",21.3,21.45,22.05,NA,NA,NA
"GB_M89","32","G","B","GB",89,"M","D2","FLU",22.05,22.15,22.2,NA,NA,NA
"GC_F30","5","G","C","GC",30,"F","D4","FLU",14.75,14.4,13.75,13.9,14.35,NA
"GC_F32","5","G","C","GC",32,"F","D4","FLU",15.7,15,14.95,15.1,15.9,NA
"GC_F37","5","G","C","GC",37,"F","D4","FLU",15.95,16.2,16,16,16,NA
"GC_F44","5","G","C","GC",44,"F","D4","MOCK",15.33,15,14.5,15.05,14.8,NA
"GC_F48","6","G","C","GC",48,"F","D2","FLU",20.05,19.7,19.8,NA,NA,NA
"GC_F51","6","G","C","GC",51,"F","D2","FLU",16.9,16.45,16.7,NA,NA,NA
"GC_F54","6","G","C","GC",54,"F","D2","MOCK",16.15,15.75,15.85,NA,NA,NA
"GC_F70","6","G","C","GC",70,"F","D2","FLU",15.6,15.65,15.7,NA,NA,NA
"GC_M25","5","G","C","GC",25,"M","D2","FLU",19.7,19.8,19.5,NA,NA,NA
"GC_M26","5","G","C","GC",26,"M","D4","FLU",18.55,18.95,17.8,17.6,17.85,NA
"GC_M27","5","G","C","GC",27,"M","D2","MOCK",19.23,19.95,19.5,NA,NA,NA
"GC_M28","5","G","C","GC",28,"M","D4","FLU",18,18.35,18.35,18.4,18.25,NA
"GC_M34","5","G","C","GC",34,"M","D2","FLU",21.5,21.8,21.3,NA,NA,NA
"GC_M39","5","G","C","GC",39,"M","D4","FLU",18.95,19.4,18.9,19.25,18.95,NA
"GC_M40","5","G","C","GC",40,"M","D2","FLU",19.2,19.2,19.1,NA,NA,NA
"GC_M42","5","G","C","GC",42,"M","D4","MOCK",18.5,18.2,17.85,17.9,17.8,NA
"GD_F43","9","G","D","GD",43,"F","D4","FLU",18.3,18.05,18.65,18.3,18.9,NA
"GD_F44","9","G","D","GD",44,"F","D4","MOCK",14.8,14.9,15,15.1,15.2,NA
"GD_F51","9","G","D","GD",51,"F","D4","FLU",17.4,16.85,17.1,17.4,18,NA
"GD_F52","9","G","D","GD",52,"F","D4","FLU",16.5,16.5,17,17.15,17.25,NA
"GD_F78","21","G","D","GD",78,"F","D2","MOCK",16.6,16.55,16.85,NA,NA,NA
"GD_F79","21","G","D","GD",79,"F","D2","FLU",18.45,18.65,19.2,NA,NA,NA
"GD_F80","21","G","D","GD",80,"F","D2","FLU",18.25,18.6,19.15,NA,NA,NA
"GD_F81","21","G","D","GD",81,"F","D2","FLU",18.55,18.45,18.65,NA,NA,NA
"GD_M151","31","G","D","GD",151,"M","D4","MOCK",23.8,23.05,23.7,23.2,23.15,NA
"GD_M153","31","G","D","GD",153,"M","D2","FLU",22.4,22.92,22.25,NA,NA,NA
"GD_M158","31","G","D","GD",158,"M","D4","FLU",25.5,24.87,24.65,23.65,22.75,NA
"GD_M159","31","G","D","GD",159,"M","D2","FLU",26.65,25.46,25.7,NA,NA,NA
"GD_M165","31","G","D","GD",165,"M","D4","FLU",23.9,23.9,23.65,22.3,21.25,NA
"GD_M167","31","G","D","GD",167,"M","D2","FLU",24.95,24.9,24.05,NA,NA,NA
"GD_M171","31","G","D","GD",171,"M","D4","FLU",24.75,24.41,25.05,24.8,24.25,NA
"GD_M173","31","G","D","GD",173,"M","D2","MOCK",20.8,20.67,20.6,NA,NA,NA
"GE_F100","82","G","E","GE",100,"F","D2","MOCK",25.25,24.55,24.4,NA,NA,NA
"GE_F101","82","G","E","GE",101,"F","D2","FLU",25.05,24.85,24.1,NA,NA,NA
"GE_F102","82","G","E","GE",102,"F","D2","FLU",23.3,22.55,21.75,NA,NA,NA
"GE_F103","82","G","E","GE",103,"F","D2","FLU",22.85,22.1,22.2,NA,NA,NA
"GE_F145","92","G","E","GE",145,"F","D2","FLU",19.3,19.3,20,NA,NA,NA
"GE_F146","92","G","E","GE",146,"F","D2","FLU",20.5,20.3,19.65,NA,NA,NA
"GE_F147","92","G","E","GE",147,"F","D2","MOCK",20.8,20.8,20.75,NA,NA,NA
"GE_F148","92","G","E","GE",148,"F","D4","MOCK",20,19.85,19.9,18.85,19.1,NA
"GE_F149","92","G","E","GE",149,"F","D4","FLU",19.8,19.9,19.7,19,19.85,NA
"GE_F151","92","G","E","GE",151,"F","D4","FLU",20.1,20,20.3,20.25,21,NA
"GE_M27","77","G","E","GE",27,"M","D4","FLU",37.4,36.1,35.25,35.15,36.15,NA
"GE_M35","77","G","E","GE",35,"M","D4","MOCK",38.05,38,38.75,39.35,40.1,NA
"GE_M36","75","G","E","GE",36,"M","D2","FLU",29.6,29.8,30.35,NA,NA,NA
"GE_M37","75","G","E","GE",37,"M","D2","MOCK",29.8,29.75,30.9,NA,NA,NA
"GE_M38","75","G","E","GE",38,"M","D2","FLU",29.25,29.05,29.8,NA,NA,NA
"GE_M40","75","G","E","GE",40,"M","D2","FLU",32.8,32.5,33,NA,NA,NA
"GF_F172","80","G","F","GF",172,"F","D4","MOCK",18.2,18.05,18.45,18.7,18.65,NA
"GF_F173","80","G","F","GF",173,"F","D4","FLU",19.3,19.4,19.3,19.45,19.55,NA
"GF_F174","80","G","F","GF",174,"F","D4","FLU",17.8,17.35,17.4,17.5,17.7,NA
"GF_F178","80","G","F","GF",178,"F","D4","FLU",19.05,19.1,18.7,18.95,18.7,NA
"GF_F201","80","G","F","GF",201,"F","D2","FLU",18.85,18.5,18.3,NA,NA,NA
"GF_F202","80","G","F","GF",202,"F","D2","FLU",19.95,19.85,19.75,NA,NA,NA
"GF_F203","80","G","F","GF",203,"F","D2","FLU",18.8,18.4,17.7,NA,NA,NA
"GF_F204","80","G","F","GF",204,"F","D2","MOCK",19.15,19.1,18.95,NA,NA,NA
"GF_M115","77","G","F","GF",115,"M","D2","FLU",18.85,19.1,19.4,NA,NA,NA
"GF_M116","77","G","F","GF",116,"M","D2","FLU",18.95,19,19.4,NA,NA,NA
"GF_M132","77","G","F","GF",132,"M","D2","MOCK",19.15,19,19.2,NA,NA,NA
"GF_M133","77","G","F","GF",133,"M","D2","FLU",16.15,16.45,17.95,NA,NA,NA
"GF_M191","77","G","F","GF",191,"M","D4","FLU",16.9,16,15.7,14.95,14.8,NA
"GF_M192","77","G","F","GF",192,"M","D4","FLU",15.4,14.7,14.45,14.7,13.75,NA
"GF_M193","77","G","F","GF",193,"M","D4","MOCK",16.7,16.8,16.7,16.45,16.6,NA
"GF_M194","77","G","F","GF",194,"M","D4","FLU",16.75,16,16.2,16.15,15.8,NA
"GG_F549","12","G","G","GG",549,"F","D2","FLU",13.35,12.8,12.8,NA,NA,NA
"GG_F550","12","G","G","GG",550,"F","D2","FLU",12.4,13.1,12.6,NA,NA,NA
"GG_F551","12","G","G","GG",551,"F","D2","MOCK",11.9,11,11.3,NA,NA,NA
"GG_F553","12","G","G","GG",553,"F","D2","FLU",13.1,11.85,12.2,NA,NA,NA
"GG_F682","29","G","G","GG",682,"F","D4","FLU",14.1,13.95,13.5,12.15,11.9,NA
"GG_F683","29","G","G","GG",683,"F","D4","FLU",11.9,12.1,11.75,10.35,10.45,NA
"GG_F684","29","G","G","GG",684,"F","D4","FLU",12.8,12.25,11.6,10.9,10.8,NA
"GG_F692","29","G","G","GG",692,"F","D4","MOCK",13.05,13.05,12.65,12.2,11.75,NA
"GG_M433","2","G","G","GG",433,"M","D2","MOCK",16.3,15.3,14.9,NA,NA,NA
"GG_M438","2","G","G","GG",438,"M","D2","FLU",16.55,15.7,15.55,NA,NA,NA
"GG_M442","2","G","G","GG",442,"M","D2","FLU",14.75,14.3,13.6,NA,NA,NA
"GG_M496","7","G","G","GG",496,"M","D4","FLU",14.1,14,14.4,13.8,13.65,NA
"GG_M502","7","G","G","GG",502,"M","D4","FLU",13.8,13.05,13.1,12.8,12.25,NA
"GG_M504","7","G","G","GG",504,"M","D4","MOCK",14,13.4,13.65,13.45,13.2,NA
"GG_M505","7","G","G","GG",505,"M","D4","FLU",14.55,14.5,14.45,14.2,13.65,NA
"GH_F140","77","G","H","GH",140,"F","D2","FLU",15.85,15.9,15.05,NA,NA,NA
"GH_F141","77","G","H","GH",141,"F","D2","FLU",15.4,15.25,15.35,NA,NA,NA
"GH_F144","77","G","H","GH",144,"F","D2","FLU",15.85,15.75,16,NA,NA,NA
"GH_F145","77","G","H","GH",145,"F","D2","MOCK",11.9,12.2,13.6,NA,NA,NA
"GH_F156","80","G","H","GH",156,"F","D4","FLU",16,16.1,15.95,15.4,15.35,NA
"GH_F157","80","G","H","GH",157,"F","D4","MOCK",15.55,15.2,15.45,15.4,15.7,NA
"GH_F163","80","G","H","GH",163,"F","D4","FLU",13.3,13.25,13.65,13.35,13.5,NA
"GH_F164","80","G","H","GH",164,"F","D4","FLU",11.85,11.6,11.55,11.15,10.8,NA
"GH_F32","74","G","H","GH",32,"F","D2","FLU",13.75,13.6,13.6,NA,NA,NA
"GH_F39","74","G","H","GH",39,"F","D2","FLU",14,NA,NA,NA,NA,"isofluorane death"
"GH_F40","74","G","H","GH",40,"F","D2","FLU",13.8,13.5,13.4,NA,NA,NA
"GH_F41","74","G","H","GH",41,"F","D2","MOCK",14.25,14.15,14.4,NA,NA,NA
"GH_M24","75","G","H","GH",24,"M","D4","FLU",18.2,18.25,18,18.45,18.7,NA
"GH_M28","75","G","H","GH",28,"M","D4","FLU",17.15,17,17.4,16.95,NA,"dead in cage"
"GH_M29","75","G","H","GH",29,"M","D4","FLU",16.25,16.3,16,16.2,16.3,NA
"GH_M30","75","G","H","GH",30,"M","D4","MOCK",17.35,17.25,17,16.75,16.6,NA
"GH_M72","77","G","H","GH",72,"M","D2","MOCK",19,18.6,19.2,NA,NA,NA
"GH_M73","77","G","H","GH",73,"M","D2","FLU",18.95,18.75,18.4,NA,NA,NA
"GH_M74","77","G","H","GH",74,"M","D2","FLU",17.8,18.85,19.55,NA,NA,NA
"HA_F112","56","H","A","HA",112,"F","D4","FLU",15.3,14.9,15.15,13.25,12.25,NA
"HA_F117","56","H","A","HA",117,"F","D4","FLU",18.9,17.9,18.45,16.7,15.4,NA
"HA_F121","56","H","A","HA",121,"F","D4","MOCK",18.2,17.5,17.7,17.25,16.85,NA
"HA_F123","56","H","A","HA",123,"F","D4","FLU",13.6,13.1,13.3,13.2,12.6,NA
"HA_F25","40","H","A","HA",25,"F","D2","FLU",17.35,17.6,17.3,NA,NA,NA
"HA_F27","40","H","A","HA",27,"F","D2","FLU",16.2,16.2,16.5,NA,NA,NA
"HA_F31","40","H","A","HA",31,"F","D2","MOCK",17.4,17.2,17.55,NA,NA,NA
"HA_F32","40","H","A","HA",32,"F","D2","FLU",17.65,16.75,16.65,NA,NA,NA
"HA_M176","90","H","A","HA",176,"M","D2","FLU",23.15,22.8,22.3,NA,NA,NA
"HA_M177","90","H","A","HA",177,"M","D2","FLU",23.85,23.7,22.55,NA,NA,NA
"HA_M178","90","H","A","HA",178,"M","D2","FLU",24.85,24.45,24.1,NA,NA,NA
"HA_M179","90","H","A","HA",179,"M","D2","MOCK",25.15,24.95,23.85,NA,NA,NA
"HA_M24","40","H","A","HA",24,"M","D4","FLU",23.6,23.25,24.1,21.8,20,NA
"HA_M28","40","H","A","HA",28,"M","D4","FLU",23,22.65,22.6,20.45,19.4,NA
"HA_M30","40","H","A","HA",30,"M","D4","FLU",22.9,22.7,23.1,20.95,19.7,NA
"HA_M35","40","H","A","HA",35,"M","D4","MOCK",24.5,24.1,23.2,24.55,23.95,NA
"HB_F43","40","H","B","HB",43,"F","D2","FLU",18.3,17.8,17.6,NA,NA,NA
"HB_F46","40","H","B","HB",46,"F","D4","FLU",14.3,13.9,14.05,12.3,11.5,NA
"HB_F47","40","H","B","HB",47,"F","D4","MOCK",15.5,15.45,15.7,15.7,15.25,NA
"HB_F51","40","H","B","HB",51,"F","D2","MOCK",20.35,20.25,20,NA,NA,NA
"HB_F52","40","H","B","HB",52,"F","D2","FLU",18.5,18.05,17.25,NA,NA,NA
"HB_F53","40","H","B","HB",53,"F","D2","FLU",19.2,18.6,18.15,NA,NA,NA
"HB_F60","40","H","B","HB",60,"F","D4","FLU",14.4,14.55,15,13.6,12.6,NA
"HB_F62","40","H","B","HB",62,"F","D4","FLU",15.9,16.25,16.4,16.65,16.2,NA
"HB_M1","33","H","B","HB",1,"M","D4","FLU",22.9,22.75,22.7,23,23.2,NA
"HB_M20","36","H","B","HB",20,"M","D2","FLU",23.4,23.2,23.1,NA,NA,NA
"HB_M28","36","H","B","HB",28,"M","D2","FLU",22.6,22.6,22.4,NA,NA,NA
"HB_M30","36","H","B","HB",30,"M","D2","MOCK",20.3,20.4,19.65,NA,NA,NA
"HB_M33","36","H","B","HB",33,"M","D2","FLU",18,18,18.3,NA,NA,NA
"HB_M4","33","H","B","HB",4,"M","D4","FLU",23.1,23.2,22.8,22.85,23.65,NA
"HB_M7","33","H","B","HB",7,"M","D4","MOCK",22.25,22.1,21.95,21.8,22.1,NA
"HB_M9","33","H","B","HB",9,"M","D4","FLU",23,22.95,22.7,22.7,23,NA
"HC_F25","36","H","C","HC",25,"F","D2","FLU",17.25,16.4,16.75,NA,NA,NA
"HC_F30","36","H","C","HC",30,"F","D2","FLU",17.15,16.85,17.2,NA,NA,NA
"HC_F36","36","H","C","HC",36,"F","D2","MOCK",17.25,17.4,16.55,NA,NA,NA
"HC_F47","36","H","C","HC",47,"F","D2","FLU",17.2,16.85,15.95,NA,NA,NA
"HC_F58","40","H","C","HC",58,"F","D4","MOCK",15.95,15.75,15.7,15.65,15.1,NA
"HC_F59","40","H","C","HC",59,"F","D4","FLU",17.1,17.3,16.8,14.65,13.25,NA
"HC_F61","40","H","C","HC",61,"F","D4","FLU",16.5,16.45,16.25,14.4,13,NA
"HC_F71","40","H","C","HC",71,"F","D4","FLU",17.5,17.5,17.75,16.4,14.45,NA
"HC_M12","33","H","C","HC",12,"M","D2","FLU",22.85,22.8,22.3,NA,NA,NA
"HC_M13","33","H","C","HC",13,"M","D2","FLU",24.64,24.45,23.75,NA,NA,NA
"HC_M155","56","H","C","HC",155,"M","D4","MOCK",22,21.6,22.35,22.3,21.95,NA
"HC_M157","56","H","C","HC",157,"M","D4","FLU",20.3,20.25,20,18.65,17.3,NA
"HC_M158","56","H","C","HC",158,"M","D4","FLU",20.45,20,20.3,20.2,19,NA
"HC_M162","56","H","C","HC",162,"M","D4","FLU",23.5,22.95,23.1,22.75,22.55,NA
"HC_M5","33","H","C","HC",5,"M","D2","FLU",20.8,20.4,20.55,NA,NA,NA
"HC_M8","33","H","C","HC",8,"M","D2","MOCK",19.75,19.6,20,NA,NA,NA
"HD_F50","40","H","D","HD",50,"F","D2","MOCK",24,24,23.1,NA,NA,NA
"HD_F51","40","H","D","HD",51,"F","D2","FLU",20,19.9,19.2,NA,NA,NA
"HD_F54","40","H","D","HD",54,"F","D2","FLU",20.8,20.8,20.25,NA,NA,NA
"HD_F61","40","H","D","HD",61,"F","D2","FLU",18.9,19.2,18.55,NA,NA,NA
"HD_F67","40","H","D","HD",67,"F","D4","FLU",16.9,17.6,17.7,15.8,14.3,NA
"HD_F76","40","H","D","HD",76,"F","D4","FLU",17.5,17.85,18,18.05,16.5,NA
"HD_F84","40","H","D","HD",84,"F","D4","FLU",17.5,17.5,17.95,15.9,14.3,NA
"HD_F85","40","H","D","HD",85,"F","D4","MOCK",17.05,16.65,17.2,17.1,17.35,NA
"HD_M153","53","H","D","HD",153,"M","D4","FLU",26.95,26.2,26.3,23.15,21.85,NA
"HD_M154","53","H","D","HD",154,"M","D4","FLU",24.85,24.3,24.5,22,20.55,NA
"HD_M161","53","H","D","HD",161,"M","D4","FLU",28.7,28,22.65,25.6,24.45,NA
"HD_M162","53","H","D","HD",162,"M","D4","MOCK",27.1,25.6,26.25,26.95,27.5,NA
"HD_M189","56","H","D","HD",189,"M","D4","FLU",23.9,23.95,24,21.7,20,NA
"HD_M190","56","H","D","HD",190,"M","D4","FLU",24.6,24.55,24.35,23.9,23.5,NA
"HD_M194","56","H","D","HD",194,"M","D4","MOCK",28.6,27.7,28.2,27.65,27.45,NA
"HD_M48","40","H","D","HD",48,"M","D2","MOCK",27.5,27.4,27.1,NA,NA,NA
"HD_M58","40","H","D","HD",58,"M","D2","FLU",27,27.4,28.65,NA,NA,NA
"HD_M59","40","H","D","HD",59,"M","D2","FLU",25.9,25.75,25.4,NA,NA,NA
"HD_M60","40","H","D","HD",60,"M","D2","FLU",24,24.55,23.8,NA,NA,NA
"HE_F10","66","H","E","HE",10,"F","D2","FLU",21.95,20.1,19.85,NA,NA,NA
"HE_F11","66","H","E","HE",11,"F","D2","FLU",21.85,20.2,20.05,NA,NA,NA
"HE_F18","66","H","E","HE",18,"F","D2","MOCK",20.7,19.55,19.3,NA,NA,NA
"HE_F19","66","H","E","HE",19,"F","D2","FLU",20.95,19.35,19.7,NA,NA,NA
"HE_F46","75","H","E","HE",46,"F","D4","FLU",23.9,23.75,24.5,23.05,21.65,NA
"HE_F50","75","H","E","HE",50,"F","D4","MOCK",24.75,24.7,24.9,24.75,24.05,NA
"HE_F51","75","H","E","HE",51,"F","D4","FLU",25.6,25.75,25.7,25.65,25.75,NA
"HE_F52","75","H","E","HE",52,"F","D4","FLU",25.05,25.2,25.7,25.6,25,NA
"HE_M64","77","H","E","HE",64,"M","D4","FLU",32.3,31.8,31.3,30.9,30.2,NA
"HE_M65","77","H","E","HE",65,"M","D4","FLU",33.85,33.2,33.1,32.55,32.35,NA
"HE_M66","77","H","E","HE",66,"M","D4","FLU",33.8,32.7,32.3,32.1,31.95,NA
"HE_M67","77","H","E","HE",67,"M","D4","MOCK",30.25,29.75,30.25,30.2,30.1,NA
"HE_M68","77","H","E","HE",68,"M","D2","FLU",28.25,27.6,27.65,NA,NA,NA
"HE_M69","77","H","E","HE",69,"M","D2","FLU",26.2,26.35,26.85,NA,NA,NA
"HE_M70","77","H","E","HE",70,"M","D2","MOCK",27,27.5,26.9,NA,NA,NA
"HE_M71","77","H","E","HE",71,"M","D2","FLU",24.25,25.25,25.75,NA,NA,NA
"HF_F160","82","H","F","HF",160,"F","D4","FLU",16.05,16.25,16.1,14.9,13.75,NA
"HF_F161","82","H","F","HF",161,"F","D4","FLU",17,16.25,15.6,14.25,13.3,NA
"HF_F163","82","H","F","HF",163,"F","D4","MOCK",15.65,16.35,16.8,16.75,16,NA
"HF_F170","82","H","F","HF",170,"F","D2","FLU",15.7,15.4,14.85,NA,NA,NA
"HF_F171","82","H","F","HF",171,"F","D2","FLU",15.85,16.2,16.65,NA,NA,NA
"HF_F172","82","H","F","HF",172,"F","D2","FLU",13.65,14.6,14,NA,NA,NA
"HF_F184","82","H","F","HF",184,"F","D2","MOCK",13.95,14.4,13.65,NA,NA,NA
"HF_M169","82","H","F","HF",169,"M","D2","FLU",18.4,18.4,17,NA,NA,NA
"HF_M175","82","H","F","HF",175,"M","D4","FLU",23.1,23.1,22.2,20,18.5,NA
"HF_M176","82","H","F","HF",176,"M","D4","FLU",21.3,21.35,20.6,18.75,17.3,NA
"HF_M177","82","H","F","HF",177,"M","D4","MOCK",21.3,21.1,21,21.15,21.05,NA
"HF_M178","82","H","F","HF",178,"M","D4","FLU",21.8,21.75,21.05,19,17.7,NA
"HF_M180","82","H","F","HF",180,"M","D2","FLU",20.45,20.4,19.6,NA,NA,NA
"HF_M182","82","H","F","HF",182,"M","D2","FLU",19.6,19.3,18.8,NA,NA,NA
"HF_M183","82","H","F","HF",183,"M","D2","MOCK",20.9,20.55,20,NA,NA,NA
"HG_F206","75","H","G","HG",206,"F","D4","FLU",15.15,15,14.3,13.95,13.05,NA
"HG_F207","75","H","G","HG",207,"F","D4","MOCK",15.8,15.4,15.3,14.55,14.15,NA
"HG_F214","75","H","G","HG",214,"F","D4","FLU",14.75,14.55,14.05,13.9,13.7,NA
"HG_F215","75","H","G","HG",215,"F","D4","FLU",14.95,14.9,14.65,14.25,14.2,NA
"HG_F259","77","H","G","HG",259,"F","D2","FLU",14.35,13.7,14.05,NA,NA,NA
"HG_F260","77","H","G","HG",260,"F","D2","FLU",15.5,14.8,15,NA,NA,NA
"HG_F261","77","H","G","HG",261,"F","D2","MOCK",15.2,14.75,15.5,NA,NA,NA
"HG_F262","77","H","G","HG",262,"F","D2","FLU",14,14.95,15.5,NA,NA,NA
"HG_F93","53","H","G","HG",93,"F","D4","FLU",12.65,11.6,11.6,11.2,11.3,NA
"HG_F94","53","H","G","HG",94,"F","D4","FLU",12,11.4,11.8,10.85,10.3,NA
"HG_F95","53","H","G","HG",95,"F","D4","MOCK",13.1,12.15,12.4,12.15,12.95,NA
"HG_M127","64","H","G","HG",127,"M","D4","FLU",18.9,17.7,17.2,16.7,15.9,NA
"HG_M128","64","H","G","HG",128,"M","D4","FLU",16.4,16,16.3,16.3,15,NA
"HG_M129","64","H","G","HG",129,"M","D4","MOCK",17.7,18.2,18.6,18.85,18.2,NA
"HG_M130","64","H","G","HG",130,"M","D4","FLU",17,16.3,16.35,15.3,15.45,NA
"HG_M155","70","H","G","HG",155,"M","D2","MOCK",18.9,17.45,18.1,NA,NA,NA
"HG_M156","70","H","G","HG",156,"M","D2","FLU",19.15,18.45,18.1,NA,NA,NA
"HG_M157","70","H","G","HG",157,"M","D2","FLU",19.7,19.05,18.55,NA,NA,NA
"HG_M158","70","H","G","HG",158,"M","D2","FLU",21.2,20.2,19.9,NA,NA,NA
"HG_M397","90","H","G","HG",397,"M","D2","FLU",15.9,15.85,16.1,NA,NA,NA
"HG_M401","90","H","G","HG",401,"M","D2","FLU",15.1,15,15.15,NA,NA,NA
"HG_M402","90","H","G","HG",402,"M","D2","FLU",15.45,15.5,15.75,NA,NA,NA
"HG_M403","90","H","G","HG",403,"M","D2","MOCK",14.4,14.25,14.35,NA,NA,NA
"HH_F277","8","H","H","HH",277,"F","D4","FLU",12.7,12.8,12.95,11.9,11.4,NA
"HH_F278","8","H","H","HH",278,"F","D4","FLU",13.2,13.5,13.5,12.35,11.3,NA
"HH_F285","8","H","H","HH",285,"F","D4","FLU",13.05,12.7,12.65,12.65,10.6,NA
"HH_F286","8","H","H","HH",286,"F","D4","MOCK",13.1,13.05,12.2,13.1,13.9,NA
"HH_F291","10","H","H","HH",291,"F","D2","MOCK",12.15,12.2,12.1,NA,NA,NA
"HH_F292","10","H","H","HH",292,"F","D2","FLU",13.05,12.75,12.55,NA,NA,NA
"HH_F297","10","H","H","HH",297,"F","D2","FLU",13.3,13.2,12.8,NA,NA,NA
"HH_F306","10","H","H","HH",306,"F","D2","FLU",13.45,13.4,13.45,NA,NA,NA
"HH_F535","23","H","H","HH",535,"F","D2","FLU",11.1,10.8,10.65,NA,NA,NA
"HH_F545","23","H","H","HH",545,"F","D2","MOCK",12.35,11.95,11.45,NA,NA,NA
"HH_M313","11","H","H","HH",313,"M","D2","FLU",15.9,15.75,15.75,NA,NA,NA
"HH_M321","11","H","H","HH",321,"M","D2","FLU",16.5,16.15,16.6,NA,NA,NA
"HH_M322","11","H","H","HH",322,"M","D4","MOCK",17.2,17.2,17.35,15.95,17.1,NA
"HH_M323","11","H","H","HH",323,"M","D4","FLU",16.7,16.1,17.2,15.65,14.45,NA
"HH_M325","11","H","H","HH",325,"M","D4","FLU",14.9,16.85,14.6,13.25,12.25,NA
"HH_M328","11","H","H","HH",328,"M","D2","MOCK",15.8,15.65,15.6,NA,NA,NA
"HH_M331","11","H","H","HH",331,"M","D2","FLU",14.9,14.95,14.3,NA,NA,NA
"HH_M332","11","H","H","HH",332,"M","D4","FLU",13.95,14.2,13.95,12.15,11.3,NA
